platform,prospect_name,company,audience_type,audience_metric,intent_score,contactability_score,freshness_score,total_score,website,email,contact_url,evidence_url,evidence_quote,created_date,source_title,source_excerpt,author_handle
reddit,jupiterframework,DigitalMarketing,reddit_upvotes,3,5,0,2,12,,,,https://www.reddit.com/r/DigitalMarketing/comments/1o16qsm/are_any_digital_marketers_here_actually_using_ai/,,2025-10-08,Are any digital marketers here actually using AI digital twins yet?,"AI digital twins can make campaigns 'hyper-personalized' by simulating real audiences, which sounds great - who‚Äôs building the best stuff in this space right now and/or the best tool available? ",u/jupiterframework
reddit,max-blueprint,DigitalMarketing,reddit_upvotes,2,5,0,2,12,,,,https://www.reddit.com/r/DigitalMarketing/comments/1o16en6/i_built_my_ai_twin_in_30_seconds_with_my_phone/,AI twin,2025-10-08,"I built my AI twin in 30 seconds with my phone, now it makes more content in a day than I used to make in a year","This isn‚Äôt a ‚Äúcoming soon‚Äù thing. It‚Äôs already happening.  You can open Sora app, scan your face, or upload a single photo and in seconds, you‚Äôve got a photorealistic AI version of yourself that can talkk move, and act naturally on camera.  No lights. No mics. No scripts.  Just text prompts.  Step 1",u/max-blueprint
youtube,TJR,The Blueprint,yt_subscribers,1000000,1,2,1,9,http://tjrtrades.com/blueprint?el=yt1005,partnerships@tradezella.com,https://tradezella.com/contact-us,https://www.youtube.com/watch?v=8QDDxwUV1KM,strategy,2025-10-06,"How I Made $1,047,984 In 6 Months Of Day Trading (Strategy Revealed)",Join The Mentorship: http://tjrtrades.com/blueprint?el=yt1005  Best Trading Journal: https://tradezella.com?fpr=tjr  Get my free course: https://lp.tjrtrades.com/free-course?el=yt-video  Buy a Futures Funded Here: code TJR https://app.alpha-futures.com/signup/TJR/  Buy a Forex Funded Here: code TJR ,TJR
youtube,I Am April Showers,I Am April Showers,yt_subscribers,22000,2,0,2,9,,,,https://www.youtube.com/watch?v=WqWzA2cnwUA,personal development,2025-10-10,Building the Next Generation of Entrepreneurs ü¶Ñ | Ms. April‚Äôs Crown & Bookstore Cohort #shorts,"Afro Unicorn¬Æ is more than a brand ‚Äî it‚Äôs a movement and a platform to inspire and mentor the next generation of entrepreneurs. ü§é‚ú®  Through my program, Ms. April‚Äôs Crown & Bookstore Cohort, I‚Äôm helping young dreamers turn their ideas into action. These incredible kids are learning the foundations of",I Am April Showers
youtube,Casac Benjali,Casac Benjali - The Business Coach - YouTube,yt_subscribers,499000,1,1,2,9,https://bit.ly/2JwXyQ1,,,https://www.youtube.com/watch?v=m1AHLgnzrd0,leadership,2025-10-09,| Casac Benjali The Business Coach |,Subscribe to our english channel :  https://bit.ly/2JwXyQ1 Attend live workshop : +91 8714061222  ‡¥™‡µÅ‡¥§‡¥ø‡¥Ø ‡¥µ‡µÄ‡¥°‡¥ø‡¥Ø‡µã‡¥ï‡µæ ‡¥≤‡¥≠‡¥ø‡¥ï‡µç‡¥ï‡¥æ‡µª ‡¥§‡¥æ‡¥¥‡µÜ ‡¥≤‡¥ø‡¥ô‡µç‡¥ï‡¥ø‡µΩ ‡¥ï‡µç‡¥≤‡¥ø‡¥ï‡µç‡¥ï‡µç ‡¥ö‡µÜ‡¥Ø‡µç‡¥§ Casac Benjali  ‡¥ö‡¥æ‡¥®‡µΩ SUBSCRIBE ‡¥ö‡µÜ‡¥Ø‡µç‡¥Ø‡µÅ‡¥ï https://bit.ly/2K8KWzk  Follow us on Social Media    Facebook  -  http://www.fb.com/casacbenjali   Instagram -  ,Casac Benjali
youtube,Matthew Ryder,Matthew Ryder - YouTube,yt_subscribers,18200,2,2,0,9,https://www.youtube.com/channel/UCIoIgKSN9Y20tAN2fY3-JUA/join,support@dialer.io,,https://www.youtube.com/watch?v=jnb1jT-WFaY,sales coaching,2025-09-23,"Watch This Before You Buy ""Sales Training"" In 2025",Join my sales membership: Check out the membership here https://www.youtube.com/channel/UCIoIgKSN9Y20tAN2fY3-JUA/join  Join my discord community https://discord.gg/Jyf8E72S  Get more of me here  https://www.instagram.com/realmattryder/  Get higher pick up rates here https://www.dialer.io  0:00 ‚Äì Why,Matthew Ryder
youtube,Learn English With ZiTA,Free Training For English Speaking,yt_subscribers,876000,1,1,2,9,https://www.zitaenglish.in/lp-sf1,,,https://www.youtube.com/watch?v=VDgLbN0Z5ZM,habits,2025-10-07,Day 7| Hidden Formula to Talk About Reading Habits in English üìö | Free English Speaking Course,"Hidden Formula to Talk About Reading Habits in English üìö | Day 7  Watch our 18-minute FREE Masterclass for Working Professionals & Housewives here ‚Üí https://www.zitaenglish.in/lp-sf1  Welcome to Day 7 of the Free English Speaking Course ‚Äì English Startup Challenge! In today‚Äôs session, we‚Äôre unlockin",Learn English With ZiTA
youtube,PW OnlyIAS Prarambh,UPSC ‡§™‡•ç‡§∞‡§æ‡§∞‡§Ç‡§≠ 2028,yt_subscribers,615000,1,2,1,9,https://physicswallah.onelink.me/ZAZB/gy0159ht,support@pw.live,,https://www.youtube.com/watch?v=Ng_wNbwTnLA,mindset,2025-10-04,These 5 Habits Can Make You a UPSC Topper ü§´ | I Wish I Knew this Sooner üòì,"For UPSC 2028 Complete Preparation from Zero, check out these batches üëá  üëâ UPSC Prararmbh 2028 Hinglish: https://physicswallah.onelink.me/ZAZB/styn87q3 üëâ UPSC ‡§™‡•ç‡§∞‡§æ‡§∞‡§Ç‡§≠ 2028(in  Hindi) https://physicswallah.onelink.me/ZAZB/gy0159ht  To Get More Information about Online/Offline Courses, fill out this f",PW OnlyIAS Prarambh
youtube,RwandaTV,RwandaTV - YouTube,yt_subscribers,1260000,2,1,0,9,https://www.youtube.com/channel/UCyRvjnhiC0MOXWS-7COPtyQ/join,,,https://www.youtube.com/watch?v=4j6YS3KWxTI,eta,2025-09-25,"üî¥LIVE: MPA Pioneer Cohort Matriculation Ceremony, 25 September 2025",Join this channel to get access to perks: https://www.youtube.com/channel/UCyRvjnhiC0MOXWS-7COPtyQ/join  #RBANews #RBAAmakuru #Rwanda #RBAHafiYawe  Click here to SUBSCRIBE : https://www.youtube.com/user/RwandanTV?sub_confirmation=1  Follow us on Twitter:    https://twitter.com/rbarwanda    https://t,RwandaTV
youtube,Vedic Astrology,‡§µ‡•à‡§¶‡§ø‡§ï ‡§ú‡•ç‡§Ø‡•ã‡§§‡§ø‡§∑ ‡§ï‡§æ ‡§™‡§π‡§≤‡§æ ‡§ï‡§¶‡§Æ ‚Äì Book Yantra,yt_subscribers,32500,1,2,2,9,https://bookyantra.com/product/the-first-step-to-vedic-astrology/,joyybannerjii@gmail.com,https://bookyantra.com/product/the-first-step-to-vedic-astrology/contact,https://www.youtube.com/watch?v=SXGtvul4FII,mindset,2025-10-10,7-Day Growth & Meditation Workshop | Boost Your Third Eye,"7-Day Growth & Meditation Workshop | Boost Your Third Eye  üòÉ Our special book ‚Äì The First Step to Vedic Astrology is now available! üëâ Order Now: https://bookyantra.com/product/the-first-step-to-vedic-astrology/  ‡§è‡§ï ‡§®‡§Ø‡§æ 7-Day Meditation Workshop ‡§∂‡•Å‡§∞‡•Ç ‡§π‡•ã ‡§∞‡§π‡§æ ‡§π‡•à, ‡§ú‡§ø‡§∏‡§ï‡§æ ‡§Æ‡§ï‡§∏‡§¶ ‡§π‡•à ‡§Ü‡§™‡§ï‡•á growth ‡§ï‡•ã guarantee ",Vedic Astrology
youtube,Life Coaching Academy,Home | Life Coaching Academy,yt_subscribers,67800,1,2,2,9,https://www.lifecoach.lk,dd0a55ccb8124b9c9d938e3acf41f8aa@sentry.wixpress.com,,https://www.youtube.com/channel/UC-VnwuOt3fUrmOLvqYyYs8Q,life coaching,2025-10-11,Channel: Life Coaching Academy (avg_views:5206),"The Life Coaching Academy is dedicated to provide profound knowledge, Training & Motivation about Personality Development & Life Transformation for Sri Lankan People in Sinhala Language.

üí† Redesign Your Life with - LifeCoach.lk  
Visit: https://www.lifecoach.lk  for more information.

üî∏ Inquiries: ",Life Coaching Academy
reddit,AntiqueStrawberry236,Copyright.sh ‚Äì AI License ‚Äì WordPress plugin | WordPress.org,reddit_upvotes,13,2,1,2,8,https://wordpress.org/plugins/copyright-sh-ai-license/,,,https://www.reddit.com/r/Wordpress/comments/1o0i8mi/i_built_a_wordpress_plugin_to_block_ai_scrapers/,,2025-10-07,I built a WordPress plugin to block AI scrapers and automatically license your site' content for ChatGPT ‚Äî feedback welcome,"Following up from my post a couple months ago ‚Äî I‚Äôve finally launched Copyrightish, a b2b content licensing platform with a robust WP plugin that lets WordPress publishers *control* and *monetize* AI access to their content.   Keep in mind I'm a full stack engineer, not a marketer or dedicated plugi",u/AntiqueStrawberry236
youtube,"Beau Eckstein, Business Ownership Coach","Beau Eckstein | Business Advisor specializing in SBA Financing, Franchise Discovery, & Expense Reduction Strategies",yt_subscribers,15500,1,1,2,8,http://bookwithbeau.com/,,,https://www.youtube.com/watch?v=19J2boMQJxY,mindset,2025-10-08,Why Franchising Is the Easiest Path from W-2 to Entrepreneur,"Why Franchising Is the Easiest Path from W-2 to Entrepreneur  Franchising gives W2 employees the proven playbook to transition into business ownership with less risk. üöÄ With coaching, systems, and built-in support, it‚Äôs the smartest path to freedom and wealth.  Book a call - http://bookwithbeau.com/","Beau Eckstein, Business Ownership Coach"
youtube,The Review Radar,Explee | Linktree,yt_subscribers,14200,1,2,1,8,https://linktr.ee/Explee1,asxvmprobertest@gmail.com,,https://www.youtube.com/watch?v=m0jD4OEaKlg,strategy,2025-10-06,"Discover AI Tools For Productivity To Simplify B2B Sales, See These?",AI Tools For Productivity | B2B Lead Generation | Lead Generation Software ‚úÖ Explee Official:  https://linktr.ee/Explee1  üé¨Watch our most recent videos:   https://www.youtube.com/watch?v=iqfZFVBO6qU   https://www.youtube.com/watch?v=a0vbyRNo7Bg    Looking for the best AI tools for productivity to bo,The Review Radar
youtube,Tech Sales With Higher Levels,Free Training,yt_subscribers,33600,1,2,1,8,https://www.higherlevels.com/free-training?via=youtube,team@higherlevels.com,,https://www.youtube.com/watch?v=7mgvXUcuBa4,b2b sales,2025-10-06,AI for Tech Sales Use Case Saving 10+ Hours a Week #techsales #aiforsales #ai,‚ñ∂Take our free tech sales course: https://www.higherlevels.com/free-training?via=youtube ‚ñ∂Break Into Tech Sales in 6 Weeks: https://www.higherlevels.com/ascension?via=youtube ---For Sales Reps ‚ñ∂Become a top 0.1% cold caller: https://www.higherlevels.com/cold-call-mastery?via=youtube ‚ñ∂Master Cold Ema,Tech Sales With Higher Levels
youtube,Vlad Kachur,Alta's AI Sales and Revenue Workforce: Data-Driven Growth with Intelligent Automation,yt_subscribers,901000,1,2,0,8,https://www.altahq.com/?utm_campaign=Influencers&utm_source=VladKachur,info@altahq.com,,https://www.youtube.com/watch?v=7imPnup4Df8,strategy,2025-09-22,How to Increase B2B Sales with AI: Full Review of Alta AI Revenue Workforce,"Sign up for this great AI revenue workforce platform: https://www.altahq.com/?utm_campaign=Influencers&utm_source=VladKachur  In this video, we give you a full review of Alta AI revenue workforce - a platform built to help B2B companies close more deals, boost pipeline, and scale revenue faster.  Al",Vlad Kachur
youtube,Sunya IAS,SunyaIAS - Subscription Details,yt_subscribers,132000,1,1,1,8,https://www.sunyaias.com/subscription-details/prelims-bootcamp-batch,,,https://www.youtube.com/watch?v=hAD6UTBTfFk,strategy,2025-10-06,PRELIMS BOOTCAMP BATCH | Unique Strategy | ONLY 500 Seats | PRELIMS 2026 | Sunya IAS,"For Query, Call or Whatsapp 8383950315   Prelims Bootcamp Batch 2026: https://www.sunyaias.com/subscription-details/prelims-bootcamp-batch  SAMBHAV 2026: https://sunyaias.com/subscription-details/sambhav-2026  Prelims Revision Program (PRP) 2026: https://www.sunyaias.com/subscription-details/prelims",Sunya IAS
youtube,"Unacademy GATE - ME, PI, XE","Unacademy GATE - ME, PI, XE",yt_subscribers,226000,1,0,2,8,,,,https://www.youtube.com/watch?v=rsyDywfn0qY,mindset,2025-10-11,Big Dreams Need Micro-Deadlines! Start NOW! ‚è≥üíØ  #gate2026  #negisir #dreambig,Big goals can feel overwhelming ‚Äî break them into 3-day targets. Stick your end goal on the wall and chase it step by step. That‚Äôs how real progress happens! üéØüî• #GATEPreparation #MiniGoalsBigWins   üéØStart GATE Prep With Flat 60% OFF Kickstart Your GATE Prep with NEGI10 !  üìö Plans starting at just ‚Çπ6,"Unacademy GATE - ME, PI, XE"
youtube,vlogize,postgresql - Spring Boot Appllication. Batch doesn't work in JpaRepository.saveAll method - Stack Overflow,yt_subscribers,13400,1,2,1,8,https://stackoverflow.com/q/63831206/,apple-touch-icon@2.png,https://stackoverflow.com/q/63831206/contact,https://www.youtube.com/watch?v=LrKVxoa5qVk,strategy,2025-10-05,Understanding Batch Operations in Spring Boot's JpaRepository: Fixing the saveAll Method Issue,Discover why batch operations don't work with JpaRepository's `saveAll` method in Spring Boot and learn how to solve it by switching to sequence generation. --- This video is based on the question https://stackoverflow.com/q/63831206/ asked by the user 'yazabara' ( https://stackoverflow.com/u/228002,vlogize
youtube,art of anna,art of anna,yt_subscribers,100000,1,0,2,8,,,,https://www.youtube.com/watch?v=hOSBLmdHmO0,mindset,2025-10-07,"These are the subconscious habits quietly wrecking your gut and nervous system!! I know, because","These are the subconscious habits quietly wrecking your gut and nervous system!!  I know, because I‚Äôve had them too lol And they kept me dysregulated, anxious, and stuck in survival mode for years.  1Ô∏è‚É£ Constantly rushing. That ‚Äúgo go go‚Äù energy? It keeps your body in fight-or-flight. You‚Äôre not sav",art of anna
youtube,Bishal Sarkar Best Public Speaking Coach India,Bishal Sarkar -lp,yt_subscribers,22200,1,1,2,8,https://link.thekingofconfidence.com/?utm_source=organic,,,https://www.youtube.com/watch?v=IcIxOkPvX_8,leadership,2025-10-07,You Lose Respect When You Talk Too Much üó£Ô∏è‚ùå,"Speak, lead, and influence like a CEO‚Äîjoin the Masterclass today: https://link.thekingofconfidence.com/?utm_source=organic  üé§ *Stop wasting time in your life and join our NEXT World-Class Speaking Public Speaking Program* for Leaders (limited group size), get in touch with our team at +91-88803-6152",Bishal Sarkar Best Public Speaking Coach India
youtube,Ankush Pare - Stammering & Speaking Coach,Free Stammering Masterclass - Ankush Pare,yt_subscribers,58100,1,2,1,8,https://ankushpare.com/freetraining/,support@ankushpare.com,https://ankushpare.com/freetraining/speaking,https://www.youtube.com/watch?v=RBmsbF3sFM0,mindset,2025-10-06,Master Public Speaking & Overcome Stage Fear in 109 minutes - Full Course,Apply Here For FREE CONSULTATION: Watch 90 Min Free Masterclass & Get Complete Stammering Solution Strategy With Steps & 95% Fluency In 21 Days Only.  CLICK TO WATCH - https://ankushpare.com/freetraining/ üîó  üÜì Get FREE Access Now  üé• Full Masterclass + Fluency Training ‚Üí https://youtu.be/9Inj5cRyR-k?,Ankush Pare - Stammering & Speaking Coach
youtube,Moonbug Kids - Sing Along With Me!,Moonbug Kids - Sing Along With Me!,yt_subscribers,16900000,1,0,2,8,,,,https://www.youtube.com/watch?v=r2-__VdvOeI,habits,2025-10-09,The ultimate sports CHALLENGE! üèè CoComelon Sports & Healthy Habits #shorts #sports,"Join JJ üë∂ and his friends üëßüßí in this fun Cocomelon game üéâ! They take mystery objects üéæüèêü•é out of a box üéÅ and try to guess which sport it belongs to ü§î‚ú®. Sing, laugh üòÇ, and learn about different sports üåàüíñ in this cheerful, colorful short!  With bright animations üåü, playful music üéµ, and adorable charact",Moonbug Kids - Sing Along With Me!
youtube,EVEREST COACHING POINT,EVEREST COACHING POINT,yt_subscribers,113000,1,0,2,8,,,,https://www.youtube.com/watch?v=yTYoxqpj1Sc,eta,2025-10-10,Students and Their Realities ‚Äì Laxmi Madam‚Äôs Insightful Speech,"üìö Welcome to Everest Coaching Point ‚Äì The Best SSC Coaching Centre in Hyderabad & South India  Everest Coaching Point is India‚Äôs trusted institute for SSC CGL, CHSL, MTS, GD, SI, Constable, and other central & state government job exams. Known as the No.1 SSC coaching centre in Hyderabad, we provide",EVEREST COACHING POINT
youtube,Loida Velasquez,Dominate Prospecting,yt_subscribers,97000,2,1,0,8,https://www.skool.com/prospecting,,,https://www.youtube.com/watch?v=lz90eEbdUoc,prospecting,2025-09-15,The 5 Stages of Real Estate Prospecting Every Agent Needs to Know,üéØ Free Skool group for serious agents: https://www.skool.com/prospecting  Discover the five essential stages of real estate prospecting in this in-depth video. Learn how to transition from making initial calls to converting appointments into signed listings. Whether you're a new agent or looking to ,Loida Velasquez
youtube,Vinh Giang,Vinh Giang,yt_subscribers,3900000,1,0,2,8,,,,https://www.youtube.com/channel/UC9K9Wnz6t4cLnCdTzAVrXqQ,public speaking,2025-10-11,Channel: Vinh Giang (avg_views:223321),"G'day! My name's Vinh Giang - I'm a communication skills teacher, part-entrepreneur, and part-magician (Yes I'm a bit of a mixed breed lol)

I'm passionate about helping you unlock your voice to unlock your potential.

I've dedicated the last 10 years to mastering my communication ability - speaking",Vinh Giang
youtube,FNG ACADEMY,FNG ACADEMY,yt_subscribers,283000,1,0,2,8,,,,https://www.youtube.com/channel/UCt3rz2NOIXEpp5NZPG0VJSQ,operations,2025-10-11,Channel: FNG ACADEMY (avg_views:28928),"The FNG Academy is run by Sean ""Buck"" Rogers a former Green Beret, author of Rising Above and former Law Enforcement Officer. Buck and his team provide the very best in mental preparation for special operations. From the best gear to one on one coaching and mentoring, this is the premier training ac",FNG ACADEMY
reddit,Khan8213,Wordpress,reddit_upvotes,15,2,0,1,7,,,,https://www.reddit.com/r/Wordpress/comments/1o094i5/how_to_optimize_my_wordpress_site_for_performance/,,2025-10-07,How to optimize my wordpress site for performance especially LCP FCP,Good day redditors   I'll try to be a bit detailed and specifics so any good eyes can read the pain I'm going through   I had a wix site to begin with but due to too many issues when it came to performance and not much in hand to be able to almost do anything to fix after 3 years i finally decided t,u/Khan8213
youtube,OpenAI,OpenAI,yt_subscribers,1830000,1,0,1,7,,,,https://www.youtube.com/watch?v=hS1YqcewH0c,keynote,2025-10-06,OpenAI DevDay 2025: Opening Keynote with Sam Altman,"Sam Altman kicks off DevDay 2025 with a keynote to explore ideas that will challenge how you think about building. Join us for announcements, live demos, and a vision of how developers are reshaping the future with AI.",OpenAI
youtube,Odoo,Open Source ERP and CRM | Odoo,yt_subscribers,282000,1,1,0,7,https://www.odoo.com/r/xGhi,,,https://www.youtube.com/watch?v=mifDzUGDMos,keynote,2025-09-20,Keynote - Master Class: Hyperscale & Company Culture,Try Odoo online at https://www.odoo.com/r/xGhi,Odoo
youtube,GRH channel,GRH channel,yt_subscribers,49600,1,0,2,7,,,,https://www.youtube.com/watch?v=IDaxlaQhN24,operations,2025-10-07,Where gold is found in mountains,"Gold prospecting in the mountains üèîÔ∏è is one of the most common types of prospecting  around the world because mountains often contain rocks rich in precious metals, especially gold found inside quartz veins or in old metamorphic rocks. Here‚Äôs a simple and detailed explanation of the mountain prospec",GRH channel
youtube,Vidhigya CLAT Coaching,Vidhigya CLAT Coaching ,yt_subscribers,29000,1,0,2,7,,,,https://www.youtube.com/watch?v=ymPIxXlwOfg,strategy,2025-10-08,üî•CLAT Challenger Boot Camp Day 2 | English Language Strategy & Practice | Aditi Ma'am,üìå Day 2 of CLAT Challenger Boot Camp is here! Today‚Äôs focus: English Language üß†üìö Speed and accuracy are game-changers in English section ‚Äî and this session will help you level up both.  üéØ What You‚Äôll Learn:  Effective reading strategies for CLAT passages  How to manage time during English section  S,Vidhigya CLAT Coaching 
youtube,New York Stock Exchange,New York Stock Exchange,yt_subscribers,47300,1,0,2,7,,,,https://www.youtube.com/watch?v=_nOO0N8xM7k,closing,2025-10-07,Service Academy Women Rings The Closing Bell¬Æ,"The New York Stock Exchange welcomes Service Academy Women to the podium to commemorate the 50th anniversary of President Gerald Ford signing the law requiring our nation's service academies to admit women. To honor the occasion, Dorian Price, West Point Class of 1999, and Gretchen Cook, United Stat",New York Stock Exchange
youtube,IACE - Best Institute For Competitive Exams,NEW ADMISSION FORM @ IACE,yt_subscribers,392000,1,1,0,7,https://forms.gle/1dxd3RjKKNibrxbZ6,,,https://www.youtube.com/watch?v=rKNfYG-dPK8,closing,2025-10-02,SBI&IBPS CLERK RIP (REAL INTENSIVE PROGRAM) Closing Day | Vizag IACE,"#iace #IACE #indianacademyofcompetitiveexams   Just one click away to secure your Dream Govt. Job:  https://forms.gle/1dxd3RjKKNibrxbZ6  For Direct Admissions, call us @ 9533 200 400  SBI&IBPS CLERK RIP (REAL INTENSIVE PROGRAM) Closing Day | Vizag IACE  IACE - Indian Academy Of Competitive Exams is ",IACE - Best Institute For Competitive Exams
youtube,incubez,incubez,yt_subscribers,10900,2,0,0,7,,,,https://www.youtube.com/watch?v=KSgcL6781O4,entrepreneurship,2025-09-25,Draper Startup House Cohort 1 Learnings from Founders Part1,"10 days, 15 passionate founders, endless learning. From tackling challenges to discovering new ways to grow, the Draper Startup House Cohort gave founders a unique experience‚Äîan environment where ideas flowed, challenges were tackled head-on, and collaboration never stopped.   Hear them share the mo",incubez
youtube,Rekha The Tarot Queen,Rekha The Tarot Queen,yt_subscribers,12700,1,0,2,7,,,,https://www.youtube.com/watch?v=PUqcHldo2SU,mindset,2025-10-09,60 Days ‡Æö‡Øá‡Æ≤‡Æû‡Øç‡Æö‡Øç 2026 ‡Æ™‡ØÅ‡Æ§‡Øç‡Æ§‡Ææ‡Æ£‡Øç‡Æü‡ØÅ ‡Æé‡Æ£‡Øç‡Æ£‡ØÅ‡Æµ‡ØÜ‡Æ§‡Æ≤‡Øç‡Æ≤‡Ææ‡ÆÆ‡Øç ‡Æâ‡ÆØ‡Æ∞‡Øç‡Æµ‡ØÅ ! | Rekha The Tarot Queen #19751 #2026 #tarot,"60 Days New Year Challenge Boost Your Confidence A Powerful Affirmation to Start your¬†New¬†Year¬†2026  Start your New Year 2026 with strength and self-belief! üí´ Join the 60 Days New Year Challenge ‚Äî a journey to boost your confidence, attract success, and prepare your mind for greatness. üåà  Subscribe ",Rekha The Tarot Queen
youtube,Classmate Abhay,Classmate Abhay,yt_subscribers,24500,1,0,2,7,,,,https://www.youtube.com/watch?v=wJcs92ZIfls,mindset,2025-10-08,1 Hour Focus Challenge ‚Äì Kya mai kar paunga? #shorts,"1 Hour Focus Challenge ‚Äì Kya mai kar paunga?   day 9/90  Time Optimization, Time Management, Task Prioritization, Personal Development, Life Hacks, Productivity Tips, Stress Management, Time Blocking, Mindfulness, Study Techniques, Motivation Tips, Self Improvement, motivational video, Focus Techniq",Classmate Abhay
youtube,Green Valley Farm,Green Valley Farm,yt_subscribers,66700,1,0,2,7,,,,https://www.youtube.com/watch?v=WkRs8L5eBS0,operations,2025-10-09,Efficient and labor-saving concrete wall cutting method #automobile #bamboo1 #farmingtraditions,"High-frequency cutting machines are characterized by high efficiency, good quality, and labor-saving in cutting concrete walls. High-frequency cutting machines use diamond saw blades to operate at high frequency, which can quickly cut through concrete structures. Compared with traditional hammer chi",Green Valley Farm
youtube,Exam Winner Class 7,WhatsApp Group Invite,yt_subscribers,494000,1,1,0,7,https://chat.whatsapp.com/HnVeD2s9NDm56eeONdS4Ql,,,https://www.youtube.com/watch?v=MUzad30NX28,eta,2025-09-12,Class 7 Maths | Decimal Methods/ ‡¥¶‡¥∂‡¥æ‡¥Ç‡¥∂‡¥∞‡µÄ‡¥§‡¥ø‡¥ï‡µæ  | Questions | Exam Winner,USS Community Link : https://chat.whatsapp.com/HnVeD2s9NDm56eeONdS4Ql  üìö For Class 7 Free Classes & Notes: Link 1 : https://chat.whatsapp.com/HPRCjywfjzd21wbWLu2b04?mode=ems_copy_t                                                                                                                        ,Exam Winner Class 7
youtube,Carey Nieuwhof,Carey Nieuwhof,yt_subscribers,58600,1,0,2,7,,,,https://www.youtube.com/watch?v=JYbHVmodw08,leadership,2025-10-11,Make a decision! #leadership #pastor #growth #decisionmaking,"Is your church stuck in endless meetings, talking about ideas that never actually happen? In this video, I share 5 keys to building a make-it-happen culture at your church. Learn how to make decisions faster, overcome fear, execute with clarity, and lead with courage. Church leaders, this one‚Äôs for ",Carey Nieuwhof
youtube,Komal Auti - Wealth Coach,Komal Auti - Wealth Coach,yt_subscribers,31900,1,0,2,7,,,,https://www.youtube.com/watch?v=skA2NWOjS40,mindset,2025-10-10,"üí∞ Salary ‡§¨‡§¢‡§º‡§§‡•Ä ‡§ú‡§æ ‡§∞‡§π‡•Ä ‡§π‡•à, ‡§≤‡•á‡§ï‡§ø‡§® Wealth ‡§ï‡•ç‡§Ø‡•ã‡§Ç ‡§®‡§π‡•Ä‡§Ç? | Real Reason Explained!","‡§π‡§∞ ‡§∏‡§æ‡§≤ salary ‡§¨‡§¢‡§º‡§§‡•Ä ‡§π‡•à, ‡§´‡§ø‡§∞ ‡§≠‡•Ä bank balance ‡§ñ‡§æ‡§≤‡•Ä ‡§ï‡•ç‡§Ø‡•ã‡§Ç ‡§∞‡§π‡§§‡§æ ‡§π‡•à? ‡§ú‡§æ‡§®‡§ø‡§è ‡§´‡§∞‡•ç‡§ï Income ‡§î‡§∞ Wealth ‡§Æ‡•á‡§Ç, ‡§î‡§∞ ‡§ï‡•à‡§∏‡•á ‡§¨‡§®‡§æ‡§è‡§Ç ‡§Ö‡§∏‡§≤‡•Ä financial freedom.Komal Auti ‚Äì Wealth Coach | Author | TEDx Speaker    Learn practical tips for financial freedom, business growth, entrepreneurship, and success mindset. Komal Auti sh",Komal Auti - Wealth Coach
youtube,WRONG TO STRONG,WRONG TO STRONG,yt_subscribers,85200,1,0,2,7,,,,https://www.youtube.com/watch?v=C0thj-LHqjU,habits,2025-10-10,"Build a System: Discipline, Habits & Overcoming Pain #shorts","Discipline and pain are powerful, but a system is crucial for survival. A schedule, environment, and the people around someone are vital. The system in prison was easy, it was survival out. #discipline #habits #system #survival",WRONG TO STRONG
youtube,Jim Rohn Everyday,Jim Rohn Everyday,yt_subscribers,62600,1,0,2,7,,,,https://www.youtube.com/watch?v=Q1yCpbZg6PA,mindset,2025-10-08,How to Build Systems to Actually Achieve Your Goals - Jim Rohn Motivation,"How to Build Systems to Actually Achieve Your Goals | Jim Rohn Motivation  Goals give you direction‚Äîbut systems create results. üöÄ In this powerful Jim Rohn motivational video, you‚Äôll discover how to design daily systems that make achieving your biggest dreams inevitable.  Jim Rohn explains that succ",Jim Rohn Everyday
youtube,Writer Hit ?,Writer Hit ?,yt_subscribers,14200,1,0,2,7,,,,https://www.youtube.com/watch?v=D6Z1YFMBzac,mindset,2025-10-11,Only Few People Understand This Food Habits |Challenge Urself|#success #health #mindset #life,,Writer Hit ?
youtube,Poonam voice,Poonam voice ,yt_subscribers,16900,1,0,2,7,,,,https://www.youtube.com/watch?v=LZ3MAbUoP84,mindset,2025-10-09,"Making money is easy, but changing your habits is the real challenge. üí°üí™ #shorts #motivation","Making money can come and go, but true success comes from changing your habits and mindset. It‚Äôs easy to earn, but transforming the daily routines, discipline, and thought patterns that shape your life is the real challenge. Focus on building positive habits, staying consistent, and growing yourself",Poonam voice 
youtube,Finance With Sharan,Finance With Sharan,yt_subscribers,3570000,1,0,1,7,,,,https://www.youtube.com/watch?v=n6xMWsyQ6tE,pipeline,2025-10-05,ü§£ Job interviews or bootcamp? Army Sharan doesn‚Äôt play around.,From crying in the washroom to ‚Äúmy mom says I‚Äôm special‚Äù‚Ä¶ candidates were dropping faster than stocks in 2008. üìâ  But then came the twist ‚Üí the HR hero who schooled Sharan with just two words: Odoo Recruitment.  One dashboard. Auto scheduling. Smooth pipeline. No drama. ‚úÖ Sharan‚Äôs face? Priceless. üòÇ,Finance With Sharan
youtube,Insider Opinion,Insider Opinion,yt_subscribers,10100,1,0,2,7,,,,https://www.youtube.com/watch?v=ox4Q2j20fEI,mindset,2025-10-09,Public Speaking as a Side-Skill | Learn to become an efficient Public Speaker #podcast #skills #tips,"#PublicSpeaking #SideHustle #PublicSpeakingTips #CareerGrowth #CommunicationSkills #Storytelling  What if your voice Could make you money?   With the right training & approach you can use your voice and style to become an effective public speaker to earn money, travel & live a life that you want.  I",Insider Opinion
youtube,GMA Integrated News,GMA Integrated News,yt_subscribers,17500000,1,0,1,7,,,,https://www.youtube.com/watch?v=8wM79xIR4_M,eta,2025-10-06,SP Sotto - There is no legal or constitutional basis or a framework to do that | GMA Integrated News,"‚ÄúThere is no legal or constitutional basis or a framework to do that...""   Ibinahagi ‚Äòyan ni Senate President Tito Sotto sa kaniyang press conference ngayong araw, October 6, 2025, bilang tugon sa hirit ni Senator Alan Peter Cayetano na magkaroon ng snap elections para maibalik ang tiwala ng publiko",GMA Integrated News
youtube,BTree Systems,BTree Systems,yt_subscribers,62500,1,0,2,7,,,,https://www.youtube.com/watch?v=J5xrx5vDFTY,habits,2025-10-09,5 Python Habits Every Coder Should Master | python full course in tamil,"üêç Want to become a better Python developer? In this video, we‚Äôll cover 5 essential Python coding habits that every programmer must practice in 2025:  Writing clean & readable code Using virtual environments Following PEP 8 standards Debugging effectively  Writing reusable functions & modules  üëâ Must",BTree Systems
youtube,Master Motivate,Master Motivate ,yt_subscribers,14500,1,0,2,7,,,,https://www.youtube.com/watch?v=yQ3MvA3rlqw,mindset,2025-10-09,‚ÄúHow to Constantly Improve Yourself | 8 Powerful Habits for Personal Growth üå±‚Äù,"Want to become a better version of yourself every day? üí™ In this video, I‚Äôll share 8 simple yet powerful ways to constantly improve your life and mindset. From reading books to surrounding yourself with the right people ‚Äî these habits will help you grow mentally, emotionally, and professionally. üåü  ",Master Motivate 
youtube,Keshav Shinde,Keshav Shinde,yt_subscribers,45100,1,0,2,7,,,,https://www.youtube.com/watch?v=MMH3nGByUdY,habits,2025-10-08,Money Making Habits for Financial freedom üéØ Wealth Gk Courses üí≤ Portfolio strategy üí±#stockmarket,,Keshav Shinde
youtube,BARI ENGLISH ACADEMY,BARI ENGLISH ACADEMY,yt_subscribers,1140000,1,0,1,7,,,,https://www.youtube.com/watch?v=Z9BhxOAIZL8,habits,2025-10-07,Master the secret of speaking about your past habits correctly ‚Äî it‚Äôs all about ‚Äòused to‚Äô üî•,,BARI ENGLISH ACADEMY
youtube,Femi Adisa,Femi Adisa,yt_subscribers,16900,1,0,2,7,,,,https://www.youtube.com/watch?v=4a-WOqsUuiU,mindset,2025-10-10,Coach Femi Adisa's session at the Biblical Billionaire Conference 2025 (Day 1),"Your mindset is the limit to how far you can go.  Every time you stretch your thinking, you stretch your future.  That‚Äôs how builders become billionaires, by expanding their minds before their empires.  #BiblicalBillionaireConference2025",Femi Adisa
youtube,Dubai Motivational Speaker,Dubai Motivational Speaker,yt_subscribers,28900,1,0,2,7,,,,https://www.youtube.com/watch?v=fA0_h9n33cc,mindset,2025-10-09,"Public Speaking Coach for GCC Leaders, CEOs & Billionaires | Media Training To Speak With Authority",,Dubai Motivational Speaker
youtube,Let‚Äôs talk clarity with Rakesh Mathuria,Let‚Äôs talk clarity with Rakesh Mathuria,yt_subscribers,37700,1,0,2,7,,,,https://www.youtube.com/watch?v=__GAQ76usk4,mindset,2025-10-09,Effective Communication TIPS Mastered by EXPERTS,"Effective Communication TIPS Mastered by EXPERTS  Want to communicate like a pro? üó£Ô∏è In this video, discover one of the most powerful communication tips mastered by experts ‚Äî the art of being curious about others. Learn how genuine curiosity, active listening, and letting others speak more can compl",Let‚Äôs talk clarity with Rakesh Mathuria
youtube,Aanant Bisht,Community Page - Realtors one,yt_subscribers,15800,1,2,0,7,https://therealtorone.com/,contact@therealtorone.com,https://therealtorone.com/contact,https://www.youtube.com/watch?v=fGjXFRJjWJE,mindset,2025-09-28,Dubai Realtor Coaching: Proven Blueprint to Earn 1 Million Dirhams Commission | Aanant Bisht,"Get my Realtor One Blueprint program üëâ https://therealtorone.com/  If you want to take the next step, book an Exclusive Free 30-minute Transformation Strategy Call with me here: https://calendly.com/aanant-bisht/30-minute-discovery-call  Welcome to my channel!   My name is Aanant Bisht. I am a Strat",Aanant Bisht
youtube,Brian Robinson Coaching,Brian Robinson Coaching,yt_subscribers,19300,1,0,2,7,,,,https://www.youtube.com/watch?v=r5t0tFNvjmQ,mindset,2025-10-10,The Most Underrated Leadership Book of All Time,#DRIVENpreneurPodcast #businesscoaching #brianrobinsoncoaching ************************************************************** Subscription Link: youtube.com/BrianRobinsonCoaching?sub_confirmation ***************************************************************  Not all leaders are created equal. Be t,Brian Robinson Coaching
youtube,What's up PRO,What's up PRO,yt_subscribers,14700,1,0,2,7,,,,https://www.youtube.com/watch?v=ycBgTMu-Iig,mindset,2025-10-08,"Kiran Parandekar,Peak Performance Coach,Champion Mindset Speaker,Workplace Productivity Consultant.","With over 25 years of experience across entrepreneurship, sales, marketing, business development, and training, Kiran shares powerful insights on how to build a winning mindset, create workplace happiness, and unlock your highest potential.  From boardrooms to karaoke nights, from helping profession",What's up PRO
youtube,Business Mentor,Business Mentor,yt_subscribers,20300,1,0,2,7,,,,https://www.youtube.com/channel/UCtJbij2UfQpUKxO12bQC9EQ,leadership,2025-10-11,Channel: Business Mentor (avg_views:5226),"Welcome to Business Mentor! üöÄ

For Paid Promotion : 0370 140 7176

At Business Mentor, we‚Äôre dedicated to empowering entrepreneurs, business leaders, and professionals with the insights and strategies they need to thrive. Our channel is your go-to resource for actionable advice, industry trends, and",Business Mentor
youtube,Daniel Priestley,Daniel Priestley,yt_subscribers,51100,1,0,1,6,,,,https://www.youtube.com/watch?v=WiTIgjYxWbE,entrepreneurship,2025-10-05,"I‚Äôve Mentored 1,000 Millionaires - Here‚Äôs My Playbook","People pay me $10,000 to teach them what I know about business and entrepreneurship. I've taught them 1:1 or through my entrepreneur accelerator (Dent).  In this video, I'm going to give you that same advice completely FREE. Nothing held back. This is my playbook on how to get rich and we're going t",Daniel Priestley
youtube,The Koerner Office Business Ideas,The Koerner Office Business Ideas,yt_subscribers,80000,1,0,1,6,,,,https://www.youtube.com/watch?v=UciTrnSr8pA,eta,2025-10-04,The Playbook Rich Entrepreneurs Don‚Äôt Talk About,üéôÔ∏è Into full episodes and deeper business breakdowns? Check out our main channel for the podcast and longform content: ‚Äã‚Å†@thekoerneroffice ‚Äã‚Å† ‚Äã‚Å† ‚Äã‚Å† ‚Äã‚Å†‚Äã‚Å† ‚Äã‚Å† ‚Äã‚Å† ‚Äã‚Å†‚Äã‚Å† ‚Äã‚Å† ‚Äã‚Å† ‚Äã‚Å†‚Äã‚Å†  ‚Äã‚Å† ‚Äã‚Å† ‚Äã‚Å† ‚Äã‚Å† ‚Äã‚Å†‚Äã‚Å† ‚Äã‚Å†‚Äã‚Å† ‚Äã‚Å† ‚Äã‚Å† ‚Äã‚Å† ‚Äã‚Å† ‚Äã‚Å† ‚Äã‚Å† ‚Äã‚Å† ‚Äã‚Å†   ‚Äã‚Å† üëâ Learn more unique business ideas and side hustles today! Get the detail,The Koerner Office Business Ideas
youtube,Arsenio Gold Hunting,Arsenio Gold Hunting,yt_subscribers,218000,1,0,0,6,,,,https://www.youtube.com/watch?v=fbKYA1ipV4U,prospecting,2025-09-30,The process of prospecting for gold and practical and young methods of finding gold #goldmining,The process of prospecting for gold and practical and young methods of finding gold #goldmining,Arsenio Gold Hunting
youtube,Mohd Abdullah,Mohd Abdullah,yt_subscribers,44300,1,0,1,6,,,,https://www.youtube.com/watch?v=o7ipHCkXgY0,public speaking,2025-10-07,"""Confidence Building Workshop | India Tour 2025 | Manipur""","Welcome to Our YouTube Channel!  Your ultimate destination for life motivational videos, English concepts, and English speaking tips. Whether you're looking to gain confidence, improve communication skills, or understand key English language principles, we‚Äôre here to help. Every video is crafted to ",Mohd Abdullah
youtube,WRAL,WRAL,yt_subscribers,350000,1,0,0,6,,,,https://www.youtube.com/watch?v=d9BMjoy-pFE,closing,2025-09-25,"Granville Academy closing over mold issues, students relocated",The maintenance director at Granville County Schools says a mold issue forcing a school to close was preventable for years.,WRAL
youtube,Edu9 Career Guidance,Edu9 Career Guidance,yt_subscribers,287000,1,0,0,6,,,,https://www.youtube.com/watch?v=x1dBC6f060E,closing,2025-09-22,Is Kurnool Medical College's MBBS Program RIGHT for You,"Is Kurnool Medical College's MBBS Program RIGHT for You  Kurnool Medical College (KMC), Kurnool, is one of the oldest and most reputed government medical colleges in Andhra Pradesh, offering MBBS, MD, MS, and other medical programs. Known for its academic excellence and advanced clinical training, t",Edu9 Career Guidance
youtube,Mizpah Career Academy,Mizpah Career Academy,yt_subscribers,120000,1,0,0,6,,,,https://www.youtube.com/watch?v=hQ3SYBcRH-Y,strategy,2025-09-17,AIQ Round 2 Results - Cut Off Marks Reduced - Round 2 Closing Marks of Govt and Deemed Universities,AIQ Round 2 Results - Cut Off Marks Reduced - Round 2 Closing Marks of Govt and Deemed Universities - 1st Year MBBS Starts from Sept 30 - Tamil Nadu Medical Colleges Classes Starting Date 2025 - College Opening Date for Tamil Nadu Govt and Private Medical Colleges - Foundation Course for 1st Year MB,Mizpah Career Academy
youtube,Ivan Hug,Ivan Hug,yt_subscribers,55200,1,0,1,6,,,,https://www.youtube.com/watch?v=FSv1OHU5RH0,mindset,2025-10-07,Your brain isn't broken. Your energy system is. Here's the fix üéØ,"Energy management is the missing piece in productivity. After 30+ years in Fortune 500, I discovered why productivity tools drain knowledge workers. Stanford-MIT research tracking 2,400 professionals proves: more productivity apps = lower actual productivity.  In this video, you'll discover: ‚úÖ Why r",Ivan Hug
youtube,"Anthony Chaine, A Sales Leader","Anthony Chaine, A Sales Leader",yt_subscribers,136000,1,0,0,6,,,,https://www.youtube.com/watch?v=V4Wie_jpYv8,leadership,2025-09-12,AI Workforce: Maintaining Culture with Systems Leadership #shorts,"Maintaining culture with an AI workforce requires a shift. It's about proof-in-systems leadership, not butts-in-seats management. Publish the AI playbook, celebrate judgment calls, and customer saves. #AIWorkforce #Leadership #AISystems #FutureofWork","Anthony Chaine, A Sales Leader"
youtube,Judith Glory,Judith Glory,yt_subscribers,59300,1,0,1,6,,,,https://www.youtube.com/watch?v=wNc-AEmXlrQ,leadership,2025-10-06,3 Steps to 10x Your Results: The A.C.E. Goal-Setting Framework,"Learn the ACE Framework (Alignment, Concentration, Evolution): the proven 90-day system that helps entrepreneurs and leaders stop confusing activity with results. Finally conquer overwhelm and achieve your Breakthrough Goal.  The ACE Framework is your strategic blueprint for business growth. It shif",Judith Glory
youtube,upGrad,upGrad,yt_subscribers,236000,1,0,0,6,,,,https://www.youtube.com/watch?v=Z-GWB6P7N4c,personal development,2025-10-03,Why I Chose Duke‚Äôs Product Management Course While Working at Intel: The Real ROI of Education,*Why I Chose Duke‚Äôs Product Management Course While Working at Intel: The Real ROI of Education* The discussion opens with a question about the motivation behind pursuing a post-graduate product management course at Duke University while working at Intel. The speaker emphasizes that comfort is the e,upGrad
youtube,Ronios Creations,Ronios Creations,yt_subscribers,55600,1,0,1,6,,,,https://www.youtube.com/watch?v=rPezlHDyCuc,operations,2025-10-05,Airport flight Cargo Service / Flight Service method at Airports,"Airport flight Cargo Service / Flight Service method at airports Airport Cargo Service (Air Freight Handling)  Cargo Service refers to the handling and transportation of goods, mail, and freight via air transport. It involves several steps from booking to final delivery.  üîπ Main Steps:  1. Booking &",Ronios Creations
youtube,FinEx Training,FinEx Training | WhatsApp Channel,yt_subscribers,10100,1,1,0,6,https://whatsapp.com/channel/0029Va5uS7TLo4hc84sGwJ2z,,,https://www.youtube.com/watch?v=czmjmXap5-E,operations,2025-09-20,CFA Level2-FSA-Multinational Operations-Current Rate Method and Temporal Method,This video explains Multinational Operations sum with an example from FSA subject of CFA Level 2.  This channel is meant for helping CFA candidates You may follow the @FinEx Training channel on WhatsApp: https://whatsapp.com/channel/0029Va5uS7TLo4hc84sGwJ2z @FinEx Training aims to help CFA aspirants,FinEx Training
youtube,ebay,ebay,yt_subscribers,171000,1,0,0,6,,,,https://www.youtube.com/watch?v=HuIMWiEA_-Q,operations,2025-10-02,Workshop | Mastering eBay: Optimize Your Business Operations,"Join us at eBay Open for an in-depth session on effectively running your business on eBay. Explore key topics including managing orders and listings across web and native platforms, enhancing performance metrics, streamlining payments, utilizing the new Offers screen, and applying business policies.",ebay
youtube,TEDx Talks,TEDx Talks,yt_subscribers,43700000,1,0,0,6,,,,https://www.youtube.com/watch?v=V8dPKyvPyTQ,mindset,2025-09-22,"Upgrade Your Mindset, Double Your Business  | Rajesh Kumar Kare | TEDxMRU","In this powerful Hindi TED Talk, business coach Rajesh Kumar reveals how entrepreneurs can transform their companies by upgrading both mindset and strategy. Drawing from his own journey‚Äîfrom employee to founder of IPS Business Coaching‚ÄîRajesh shares five essential pillars for growth: embracing techn",TEDx Talks
youtube,I Design My Life,I Design My Life,yt_subscribers,170000,1,0,0,6,,,,https://www.youtube.com/watch?v=rA_lkrfR15s,strategy,2025-09-13,3 Step Sales Training Process - Transform Your Sales Team,"Building a top-performing sales team doesn‚Äôt happen by chance‚Äîit requires the right sales training system. In this video, Sumit Agarwal from I Design My Life shares 3 powerful steps every MSME business owner must implement to create consistent, high-performing sales teams. Learn how to design positi",I Design My Life
youtube,CTM Consulting Group,CTM Consulting Group,yt_subscribers,12800,1,0,1,6,,,,https://www.youtube.com/watch?v=mVtVMyL0FBg,mindset,2025-10-03,Today‚Äôs Leadership Insight is about Toxic Leadership: Lean in!,"Today‚Äôs Leadership Insight is about Toxic Leadership:   Lean in and reflect: Are you leading in a way that builds trust and growth‚Äîor unintentionally creating an environment that stifles it?   Like, SHARE, Subscribe!  #ctmconsultinggrp #unleashyourpotential #nadidahcoveney #leadershipinsights #ctmle",CTM Consulting Group
youtube,Impressive Glow,Impressive Glow,yt_subscribers,13000,1,0,1,6,,,,https://www.youtube.com/watch?v=IwpmZW5NRHI,strategy,2025-10-06,Whitening Business Blueprint Ep. #1,"üí´Whitening Business Blue Printüí´  When you‚Äôre just starting your teeth whitening business and practicing with friends or family ‚Äî remember this: nothing is really free. üòâ  You‚Äôre giving them a complimentary service, but you should be getting something way more valuable in return: üì∏ Content ‚Äî videos, ",Impressive Glow
youtube,Ball Goldricher,Ball Goldricher,yt_subscribers,15300,1,0,1,6,,,,https://www.youtube.com/watch?v=xJQFNZpuWfU,mindset,2025-10-06,Workshop Gold to the Moon!,Workshop Gold to the Moon!  Join Community Signal XAUUSD Goldricher Link : BIO    #xauusdsignal #forex #trader #goldricher #motivation #inspiration #‡πÄ‡∏ó‡∏£‡∏î‡∏ó‡∏≠‡∏á #mindset #‡∏™‡∏≠‡∏ô‡πÄ‡∏ó‡∏£‡∏î‡∏ó‡∏≠‡∏á #‡∏ß‡∏¥‡πÄ‡∏Ñ‡∏£‡∏≤‡∏∞‡∏´‡πå‡∏ó‡∏≠‡∏á‡∏Ñ‡∏≥ #‡πÑ‡∏•‡∏ü‡πå‡πÄ‡∏ó‡∏£‡∏î #ballgoldricher #shorts,Ball Goldricher
reddit,Kseniia_Seranking,DigitalMarketing,reddit_upvotes,13,1,0,1,5,,,,https://www.reddit.com/r/DigitalMarketing/comments/1o0br6r/seo_news_google_expands_agentic_features_in_ai/,,2025-10-07,"SEO News: Google expands agentic features in AI Mode, OpenAI launches ‚ÄúBuy it in ChatGPT‚Äù with Agentic Commerce Protocol, AI Mode now delivers more visual responses in queries",Hey guys! The work week can‚Äôt start without a quick look at last week‚Äôs fresh news. You might even want to rethink your strategy after reading this one:  **Search / SEO**  * **Old domain history/state needs time to be shaken off**  A Reddit user reported launching a site on a previously owned domain,u/Kseniia_Seranking
reddit,Only_Nothing9585,SelfImprovement,reddit_upvotes,919,1,0,1,5,,,,https://www.reddit.com/r/selfimprovement/comments/1nz1z5y/is_37_too_late/,,2025-10-05,Is 37 too late?,"I'm about to turn 37 and I have completely wasted my life. I never had a goal, I've never gone travelling, never had a relationship and lack many things I thought I would have by now. I work part time and live in a shared house. For many years I had depression, mostly because of fake friends and lon",u/Only_Nothing9585
reddit,Jay_D88,Skool,reddit_upvotes,3,2,0,1,5,,,,https://www.reddit.com/r/SKOOL/comments/1nzd1b7/heartbroken_by_what_skool_has_become_my/,,2025-10-06,Heartbroken by What Skool Has Become ‚Äî My Experience with Fake Courses and Zero Support,"I used to really love **Skool** ‚Äî it felt like a place where people could learn, share, and grow together. But now, it honestly feels like it‚Äôs becoming a **shortcut for scammers** to make quick money off unsuspecting members.  Customer support has been a huge disappointment. It‚Äôs slow, unhelpful, a",u/Jay_D88
youtube,Micha Gruber,Micha Gruber,yt_subscribers,28000,1,0,0,5,,,,https://www.youtube.com/watch?v=lIGLp0uz46E,keynote,2025-09-27,üì≤ Apple Keynote Tutorial iPad (Deutsch) - f√ºr Einsteiger & Umsteiger üöÄ,‚¨áÔ∏èüìé Lade dir das ausf√ºhrliche PDF-Tutorial von meiner Patreon Seite herunter: https://www.patreon.com/posts/apple-keynote-so-139619176  üìñüéì Interesse an einer Fortbildung zum Themenbereich digitalen Arbeiten im Apple-√ñkosystem? ‚û°Ô∏è Schreib mir via Mail: info@AMP-Artworks.de   In diesem Video zeige ich,Micha Gruber
youtube,Charles Botensten,Charles Botensten,yt_subscribers,10200,1,0,0,5,,,,https://www.youtube.com/watch?v=EOYH6nagGgo,accountability,2025-09-29,Challenge Yourself: Accountability is the Path to Greatness #shorts,"It's time to self-impose challenges: no drinking, no drugs, no gossiping, no lying. Have a backbone. This is a call to greatness and accountability. Get your money and body right. Get back into shape. #challenge #accountability #greatness #discipline #selfimprovement",Charles Botensten
youtube,AI Outcomes Podcast & B2B Sales Advice,AI Outcomes Podcast & B2B Sales Advice,yt_subscribers,30400,1,0,0,5,,,,https://www.youtube.com/watch?v=PtshHqdjKxs,strategy,2025-09-23,Ep27: 4‚ÄìSteps to Engage Customers on AI Transformation (B2B Sales Guide),"In this episode of the AI Outcomes Podcast, we dive into Part 2 of our special series on how B2B sellers, consultants, and pre-sales professionals can effectively engage customers around AI adoption. If you missed Part 1, make sure to check it out first‚Äîit lays the foundation by showing why AI is no",AI Outcomes Podcast & B2B Sales Advice
youtube,Sales Scripter,Sales Scripter,yt_subscribers,30000,1,0,0,5,,,,https://www.youtube.com/watch?v=iJzR-CY2IWw,b2b sales,2025-09-21,Working in B2B Sales is Like Playing a Game,"Working in sales is like playing a game. It might not feel like that because some of the tasks aren't real fun, but it definitely is a game with winning, losing, rewards, etc. Making selling feel more like a game can help boost motivation and make it more fun.  We explain how ot do that in the full ",Sales Scripter
youtube,Hpm India,Hpm India,yt_subscribers,13100,1,0,0,5,,,,https://www.youtube.com/watch?v=_Vtxhuu-Pmo,operations,2025-09-30,üîß Precision in Every Weld,"Our engineering workshop is actively engaged in new SS pipeline welding work, ensuring top-quality joints with advanced techniques. Each weld is carried out with precision, safety, and durability in mind. This upgrade strengthens our infrastructure and boosts efficiency for upcoming operations. With",Hpm India
youtube,Huyen Gold Miner,Huyen Gold Miner,yt_subscribers,12600,1,0,0,5,,,,https://www.youtube.com/watch?v=-hDTTRgtRDo,prospecting,2025-09-15,"BIG GOLD ORE EP-56 , Billions Don‚Äôt Know This Gold Prospecting Method!","In this 24-minute video, we take you to a barren volcanic hillside where gold may still be hidden.  Before digging, we show you how to read the land and recognize geological signs that indicate gold deposits ‚Äì a method billions of people have never seen.  Using dowsing rods and a metal detector, we ",Huyen Gold Miner
youtube,Saeed Ahmed Motivational Speaker,Saeed Ahmed Motivational Speaker,yt_subscribers,21000,1,0,0,5,,,,https://www.youtube.com/watch?v=PqdyCisbQKw,goal setting,2025-09-30,PM Shri Zilla Parishad Urdu School #saeed,"If you're looking to enhance your personal and professional growth, attending a personality development workshop or self improvement workshop can be a great starting point. Many people find that self development workshops and self improvement workshops near me offer practical tools for building conf",Saeed Ahmed Motivational Speaker
youtube,Alexis aka MissTrenchcoat,Alexis aka MissTrenchcoat,yt_subscribers,94700,1,0,0,5,,,,https://www.youtube.com/watch?v=QUnZCrWmlu8,mindset,2025-09-14,üî¥ Q4 CRESCENDO WORKSHOP | Q4 Planning + Prep,üí´ Join the Charmed Life Master Mind ‚Äì Q4 Promo Get $111 OFF the Annual Membership + FREE 2026 Master Planner System üëâ https://www.strangecharmed.com/masterplan/join-the-charmed-life-master-mind-lto/  üìì Download Your FREE Q4 Crescendo Workbook Follow along with today‚Äôs class and plan your most produc,Alexis aka MissTrenchcoat
youtube,MOGUL Elite Club,MOGUL Elite Club,yt_subscribers,14500,1,0,0,5,,,,https://www.youtube.com/watch?v=JhtO5l7g2jI,strategy,2025-09-30,Family Legacy Building Bootcamp ‚Äì Mailbox Millionaire Banking,"Wealth is not built by accident; it‚Äôs built by strategy. And today, we‚Äôre unlocking one of the most powerful strategies out there: Mailbox Millionaire Banking. üöÄ  This session is all about: ‚úÖ How to put your money to work instead of working for money ‚úÖ The system wealthy families use to keep cash fl",MOGUL Elite Club
youtube,DieselHead,DieselHead,yt_subscribers,11800,1,0,0,5,,,,https://www.youtube.com/watch?v=vH6DhoaGdik,closing,2025-09-24,Tristan Academy Closing Soon üö® Don‚Äôt Miss Out!,Tristan Academy gives you everything in one place: ‚úÖ Learn high-income skills ‚úÖ Get international clients ‚úÖ Accept payments in crypto ‚úÖ Use AI automation to scale your business  But the doors are closing soon ‚è≥. Don‚Äôt wait until it‚Äôs too late.  üöÄ Secure your spot today and start growing your busines,DieselHead
youtube,Michigan Academy,Michigan Academy,yt_subscribers,14400,1,0,0,5,,,,https://www.youtube.com/watch?v=buPlpoJjl1k,closing,2025-09-23,Comment apprendre le closing avec la Michigan Academy!! üòåüôåüèªüìà,,Michigan Academy
youtube,NASKAR ACADEMY,NASKAR ACADEMY,yt_subscribers,40100,1,0,0,5,,,,https://www.youtube.com/watch?v=21SmqGPKw0g,closing,2025-09-23,‡¶™‡ßç‡¶∞‡¶¨‡¶≤ ‡¶≠‡¶æ‡¶∞‡ßÄ ‡¶¨‡¶∞‡ßç‡¶∑‡¶£‡ßá ‡¶¶‡ßÅ‡¶á ‡¶¶‡¶ø‡¶® ‡¶õ‡ßÅ‡¶ü‡¶ø ‡¶ò‡ßã‡¶∑‡¶£‡¶æ// wb school college Closing for heavy rainfall,‡¶™‡¶∞ ‡¶™‡¶∞ ‡¶¶‡ßÅ‡¶á ‡¶¶‡¶ø‡¶® ‡¶õ‡ßÅ‡¶ü‡¶ø ‡¶ò‡ßã‡¶∑‡¶£‡¶æ// ‡¶Ö‡¶§‡¶ø ‡¶≠‡¶æ‡¶∞‡ßÄ ‡¶¨‡¶∞‡ßç‡¶∑‡¶£‡ßá‡¶∞ ‡¶ú‡¶®‡ßç‡¶Ø ‡¶õ‡ßÅ‡¶ü‡¶ø ‡¶ò‡ßã‡¶∑‡¶£‡¶æ// ‡¶∏‡¶∞‡¶ï‡¶æ‡¶∞‡¶ø ‡¶∏‡ßç‡¶ï‡ßÅ‡¶≤‡¶ó‡ßÅ‡¶≤‡¶ø‡¶∞ ‡¶õ‡ßÅ‡¶ü‡¶ø ‡¶ò‡ßã‡¶∑‡¶£‡¶æ// ‡¶™‡ßç‡¶∞‡¶¨‡¶≤ ‡¶¨‡¶∞‡ßç‡¶∑‡¶£‡ßá‡¶∞ ‡¶ï‡¶æ‡¶∞‡¶£‡ßá ‡¶∏‡ßç‡¶ï‡ßÅ‡¶≤ ‡¶ï‡¶≤‡ßá‡¶ú ‡¶õ‡ßÅ‡¶ü‡¶ø// wb school college Closing 2025// special leave for heavy rainfall// today's leave for heavy rainfall// naskar academy,NASKAR ACADEMY
youtube,RGR Academy,RGR Academy,yt_subscribers,28300,1,0,0,5,,,,https://www.youtube.com/watch?v=dh81ZD8bou4,strategy,2025-09-20,IISER Admissions 2025: Closing Ranks & Seat Updates for All Campuses!,"üöÄ IISER Admissions 2025 is here! Check closing ranks & seat updates for all IISER campuses including Berhampur, Bhopal, Kolkata, Mohali, Pune, Tirupati, and Thiruvananthapuram.  üéØ Programs Covered:  BS-MS, B.Tech., Economic Sciences & Data Sciences programs  üìå Stay updated for round-wise closing ran",RGR Academy
youtube,Arian Samouie,Arian Samouie,yt_subscribers,11800,1,0,0,5,,,,https://www.youtube.com/watch?v=KhoyiNn3uhU,mindset,2025-10-02,Regulate Your Nervous System FAST with This One Trick,"Experiencing that ""feeling stuck"" sensation? This video explores practical approaches to ""nervous system regulation"", helping you move forward. Shifting your ""mindset"" is key for ""personal growth"", and learning ""stress management"" techniques can reduce ""anxiety"" and foster ""self improvement"".",Arian Samouie
youtube,Gautam Speaks Now,Gautam Speaks Now,yt_subscribers,38200,1,0,0,5,,,,https://www.youtube.com/watch?v=T_VaAXEE0kU,mindset,2025-09-29,Why 90% People Fail in Self-Growth | Secret of Consistency,"Har koi self-growth shuru karta hai full energy ke saath, lekin 90% log fail ho jaate hain.   Reason simple hai ‚Äì unke paas system nahi hota. Motivation short-term hoti hai, action 2 din hota hai, phir drop.   Lekin asli growth consistency aur logical execution se aati hai. Agar tumhare paas clear p",Gautam Speaks Now
youtube,D2D Experts,D2D Experts,yt_subscribers,43900,1,0,0,5,,,,https://www.youtube.com/watch?v=0E7xdzrHdCQ,mindset,2025-09-25,From Chaos to Consistency: The Recruiting Systems Every Sales Leader Needs,"Why pick 2 when you could have all 6 tho‚Ä¶ üëÄ   That‚Äôs exactly what we cover at the D2D Recruiting Bootcamp... the playbook for sales leaders who want: ‚úÖ A repeatable recruiting pipeline ‚úÖ Reps who actually stick ‚úÖ Systems that optimize your time   üìÜ Happening October 16-17, 2025 üîó Link in bio to lock",D2D Experts
youtube,Ryan Blair,Ryan Blair ,yt_subscribers,12000,1,0,0,5,,,,https://www.youtube.com/watch?v=oEdMEWmEBHk,mindset,2025-09-24,"Consistent sales come from a clear, proven system. #businessadvice #growthmindset","Consistent sales come from a clear, proven system. #businessadvice #growthmindset",Ryan Blair 
youtube,Make Math Moments,Make Math Moments,yt_subscribers,10100,1,0,0,5,,,,https://www.youtube.com/watch?v=vbP4CrG-uUc,leadership,2025-10-03,From B+ to A+: How to Turn School Goals Into Actual Instructional Change,"""üìà ‚ÄúMost schools stop at ‚Äòsetting goals‚Äô‚Äîthe leap to level 4 is when goals drive decisions.‚Äù  @mrjorr breaks down the school improvement ladder:  üéØ Level 3 (B+ Work): ‚Üí Goals are realistic & aligned ‚Üí Progress is measured periodically ‚Üí Example: ‚Äú70% of PLC time dedicated to math‚Äù  üöÄ Level 4 (A+ Wor",Make Math Moments
youtube,Walter Bond,Walter Bond,yt_subscribers,23400,1,0,0,5,,,,https://www.youtube.com/watch?v=cn74ZBqg4hU,mindset,2025-10-02,"The coach is the SHARK, the players are the SUCKERFISH","Take a look at your life: who is your shark right now? Who is mentoring YOU?   But here‚Äôs a better question: who are YOU mentoring??  It‚Äôs ok to be a shark, it‚Äôs ok to be a suckerfish. But don‚Äôt EVER be a parasite.  ü¶à SharkMindset.com üî• PeakPerformersHuddle.com  #SharkMindset #PeakPerformers #Leader",Walter Bond
youtube,The Ashley Nicole Show,The Ashley Nicole Show,yt_subscribers,15700,1,0,0,5,,,,https://www.youtube.com/watch?v=x239lqcFneM,mindset,2025-09-18,Build Wealth with a Sales System! üí∞ #shorts #salesgrowth,"You don‚Äôt just need a talk ‚Äî you need a sales system. üôå  Because here‚Äôs the thing: if you want to build legacy, wealth, a team, and real impact, you can‚Äôt wing it. Speaking isn‚Äôt just about inspiration ‚Äî it‚Äôs a revenue stream and a powerful marketing tool that fuels your entire business. Books, cons",The Ashley Nicole Show
youtube,Ganemo,Ganemo,yt_subscribers,22900,1,0,0,5,,,,https://www.youtube.com/watch?v=GNex_QWWchc,keynote,2025-10-02,Masterclass de Hiper Crecimiento y CULTURA | Keynote Odoo 19 FT Fabian Pinckaers CEO Odoo,"üé§ Descubre en esta masterclass exclusiva c√≥mo escalar una empresa tecnol√≥gica de manera sostenible, basada en m√°s de 20 a√±os de experiencia llevando a Odoo desde una peque√±a startup hasta convertirse en una compa√±√≠a global con m√°s de 6,500 empleados y una valoraci√≥n multimillonaria.  üöÄ En esta prese",Ganemo
youtube,Interesting Tasty Farm,Interesting Tasty Farm,yt_subscribers,99000,1,0,0,5,,,,https://www.youtube.com/watch?v=UXM6185wQrc,operations,2025-09-30,Spraying from Above: How an Overhead Method Covers Slopes with Ease,"The Ergonomics of Hands-Free Spraying This improvised technique represents a grassroots solution to the physical challenges of shotcrete application, redistributing equipment weight while optimizing material placement. By using the body as a mobile support structure, the worker creates a stable spra",Interesting Tasty Farm
youtube,vlogize,vlogize,yt_subscribers,13400,1,0,0,5,,,,https://www.youtube.com/watch?v=kEbOMIIjD4A,operations,2025-09-28,An Effective Method for Repeating Bits in C#  Using Bitwise Operations,Discover how to repeat bits left and right in C#  effectively with bitwise operations and recursion. --- This video is based on the question https://stackoverflow.com/q/63433127/ asked by the user 'Anton Fedoruk' ( https://stackoverflow.com/u/442441/ ) and on the answer https://stackoverflow.com/a/6,vlogize
youtube,DATAVALLEY-INC,DATAVALLEY-INC,yt_subscribers,35600,1,0,0,5,,,,https://www.youtube.com/watch?v=VhAMomoatY0,operations,2025-09-27,"Python Lists Explained | Interview Series Part-4 (2/3): List Operations, Methods & Best Practices.","Welcome to Part 4 (2/3) of our Python Interview Series! In this session, we take a deep dive into Python Lists‚Äîone of the most frequently asked topics in Python coding interviews.   What You'll Learn Today:  What are Python Lists and why are they important?  How to create and manipulate lists  List ",DATAVALLEY-INC
youtube,ABED sir,ABED sir,yt_subscribers,55900,1,0,0,5,,,,https://www.youtube.com/watch?v=SM0A3jhc3xQ,operations,2025-09-15,Operations Research Unit 1 Quick Revision MCA 2nd Semester II Sem OR OU KU TU PU MGU SU,#or  #operationsresearch  #quickrevision  #mca  #2ndsem  #ou  #unit1  #questionanswer  #imp  #2ndsemester  #1styear  #abedsir  #2024  #2025  #pu  #ou    to support this channel pay your desired amount by clicking here  amzn0012454069@apl     ‚Äé@ABEDsir   #ug  #degree  #osmaniauniversity  #ou  #kakati,ABED sir
youtube,Wall Street Oasis,Wall Street Oasis,yt_subscribers,32200,1,0,0,5,,,,https://www.youtube.com/watch?v=E1D9KNULbrM,cold email,2025-09-11,The SECRET to My Morgan Stanley Internship ü§´,"üöÄ Want to break into investment banking and other high finance careers? üîó Apply to WSO Academy now and join thousands who have broken into high finance üëâ https://www.wallstreetoasis.com/academy?affiliate=socialwinner-youtube   In this short, WSO Academy student Shresth shares how sending cold emails",Wall Street Oasis
youtube,BANKA MACHINE - RAJKOT INDIA,BANKA MACHINE - RAJKOT INDIA,yt_subscribers,78800,1,0,0,5,,,,https://www.youtube.com/watch?v=kXr-1T8zT58,operations,2025-09-25,Industrial 6' Lathe for Workshop ‚Äì Mumbai | BANKA,"A #lathe machine is a precision metal-cutting and shaping tool in which the workpiece is held and rotated about a fixed axis, while one or more #cutting tools are moved in controlled paths relative to it, to perform #operations such as turning, facing, threading, drilling, boring, knurling, and part",BANKA MACHINE - RAJKOT INDIA
youtube,MRK STUDY,MRK STUDY,yt_subscribers,41400,1,0,0,5,,,,https://www.youtube.com/watch?v=E4dyEx5LiWE,operations,2025-09-15,Lath Operation/Mechanical Engineering/MRK STUDY,"A lathe machine is one of the most important machine tools used in workshops. Its main function is to remove material from a rotating workpiece using a cutting tool. The workpiece is held securely in a chuck, faceplate, or between centers and rotated against the tool to produce the desired shape.  L",MRK STUDY
youtube,COACH NARENDRA,COACH NARENDRA,yt_subscribers,16800,1,0,0,5,,,,https://www.youtube.com/watch?v=YdfBmDmR_-Q,eta,2025-10-01,Ted X- ‡∞Ü‡∞ï‡∞∞‡±ç‡∞∑‡∞£ ‡∞®‡∞ø‡∞Ø‡∞Æ‡∞Ç ‡∞¶‡±ç‡∞µ‡∞æ‡∞∞‡∞æ ‡∞®‡∞æ ‡∞ú‡±Ä‡∞µ‡∞ø‡∞§‡∞Ç‡∞≤‡±ã‡∞®‡∞ø ‡∞Ö‡∞∏‡∞æ‡∞ß‡±ç‡∞Ø‡∞Æ‡±à‡∞® ‡∞ï‡∞≤‡∞®‡±Å ‡∞®‡±á‡∞®‡±Å ‡∞é‡∞≤‡∞æ ‡∞µ‡±ç‡∞Ø‡∞ï‡±ç‡∞§‡∞™‡∞∞‡∞ø‡∞ö‡∞æ‡∞®‡±Å #hooponopono #tedx,,COACH NARENDRA
youtube,Refocused Network,Refocused Network,yt_subscribers,25100,1,0,0,5,,,,https://www.youtube.com/watch?v=JABRS7_dAFE,mindset,2025-09-13,"Dr. Christiane Schroeter ‚Äì TEDx Speaker, Business & Wellness Coach, and Bestselling Author","Dr. Christiane Schroeter is a TEDx speaker, Business & Wellness Coach, Professor, and bestselling author who helps entrepreneurs achieve big results through small, strategic actions. As the host of the globally ranked Happy Healthy Hustle Podcast, she shares high-performance strategies that integrat",Refocused Network
youtube,Tara LaFon Gooch,Tara LaFon Gooch,yt_subscribers,12600,1,0,0,5,,,,https://www.youtube.com/watch?v=CUUKGpW32eg,leadership,2025-09-12,TEDx Coaching Testimonial üé§,,Tara LaFon Gooch
youtube,"Beau Eckstein, Business Ownership Coach","Beau Eckstein, Business Ownership Coach",yt_subscribers,15500,1,0,0,5,,,,https://www.youtube.com/watch?v=so9JhLdPlvg,mindset,2025-09-22,Speed Up Your Business Purchase,"Speed Up Your Business Purchase  Buying a business isn‚Äôt just about the purchase price ‚Äî it‚Äôs about having enough capital, reserves, and credit strength to actually succeed long-term. In this video, Beau Eckstein breaks down how smart structuring and financial planning help buyers avoid being overle","Beau Eckstein, Business Ownership Coach"
youtube,firmsconsulting,firmsconsulting,yt_subscribers,53700,1,0,0,5,,,,https://www.youtube.com/watch?v=W_zUCuC3qDg,strategy,2025-09-21,Lessons from a Painful Business Acquisition Experience (with Marcy Syms),"Marcy Syms is the former CEO of Syms Corporation and president of the Sy Syms Foundation.  üìö Get Marcy‚Äôs book, Leading with Respect here: https://shorturl.at/V0zJ3",firmsconsulting
youtube,Wholesome Financials,Wholesome Financials,yt_subscribers,12700,1,0,0,5,,,,https://www.youtube.com/watch?v=FKjjV7b-MtY,business coaching,2025-09-19,Buy the Coaching,"üí° We paid $7,000 for business coaching ‚Äî and it helped us get started faster and move quicker toward our end goal: making money üíµ.   üôå I encourage you to do the same. Inside our program, we walk alongside business owners and show them exactly how to secure $100,000+ in funding üöÄ.   ‚úÖ We‚Äôve already h",Wholesome Financials
youtube,MasterTalk,MasterTalk,yt_subscribers,53800,1,0,0,5,,,,https://www.youtube.com/watch?v=ZEyHcVUFXz8,eta,2025-09-23,How to Answer Tell Us About Yourself in an Interview,,MasterTalk
youtube,Deepak Cameraman Official,Deepak Cameraman Official,yt_subscribers,88200,1,0,0,5,,,,https://www.youtube.com/watch?v=361Zfza0hrw,eta,2025-09-12,Eta Dipil Dipil Dhiri Dipil || Somoni Baskey || New Santhali Program Video 2025 || Rangabadh Bolpur ,Title :- Eta Dipil Dipil Dhiri Dipil || Somoni Baskey || New Santhali Program Video 2025 || Rangabadh Bolpur  :::::::::::::::::::::::::::::::::::::::::::::::::::::::::::::::::::::::::::::::: Singer :- Somoni Baskey :::::::::::::::::::::::::::::::::::::::::::::::::::::::::::::::::::::::::::::::: Keyb,Deepak Cameraman Official
youtube,Australian Property Academy With Moxin Reza,Australian Property Academy With Moxin Reza ,yt_subscribers,11400,1,0,0,5,,,,https://www.youtube.com/watch?v=ARCq6a8LhHk,pipeline,2025-09-13,The #1 Australian City to Invest In 2025,Townsville in Queensland is about to explode in property value! Median house prices are set to jump 25‚Äì30% in 2025 üëâ from $520K to $650K+. With $30 billion in major projects fueling growth ‚Äì from the Horton Pipeline to renewable energy & defense upgrades ‚Äì this regional city is unstoppable. Don't mi,Australian Property Academy With Moxin Reza 
reddit,GmailsAreCute,Entrepreneur,reddit_upvotes,6,1,0,1,4,,,,https://www.reddit.com/r/Entrepreneur/comments/1nxf5fa/what_happens_when_every_channel_is_flooded_with/,,2025-10-03,What happens when every channel is flooded with AI outreach?,"With AI making it cheap and easy to send massive amounts of cold emails and LinkedIn messages, it feels like those channels are going to be completely saturated in the next few years. At some point inboxes will be AI-filtered, LinkedIn will be full of bots, and ‚Äúbetter copy‚Äù won‚Äôt be enough to stand",u/GmailsAreCute
reddit,Academic_Way_293,Entrepreneur,reddit_upvotes,57,1,0,0,4,,,,https://www.reddit.com/r/Entrepreneur/comments/1nupi4c/how_my_girlfriend_made_reviewing_academic_papers/,,2025-09-30,How my girlfriend made reviewing academic papers into a small business,"She has reached about $4000 /mo, of course it fluctuates based on demand and scaling it to a bigger business is kind of up in the air right now since it'd mean hiring more people and turning it into more     What she's doing is essentially formatting research papers for uni researchers or people in ",u/Academic_Way_293
reddit,CodeFlux88,SmallBusiness,reddit_upvotes,83,1,0,0,4,,,,https://www.reddit.com/r/smallbusiness/comments/1nvbyg9/spent_a_whole_day_training_someone_yesterday/,,2025-10-01,Spent a whole day training someone yesterday. Today they asked me the exact same questions.,I don't even know what to do anymore.   We went from a small team of 3 to 8 since april and I thought hiring would solve problems but really it just created new ones. Like now instead of being stressed about delivering I'm stressed about training people to do the work. We had this new guy just joini,u/CodeFlux88
reddit,WillingnessHappy5740,nowfluence: Influencer Campaign Management,reddit_upvotes,1,1,2,0,4,https://www.nowfluence.co/,your_email@domain.com,https://www.nowfluence.co/contact,https://www.reddit.com/r/ContentCreators/comments/1nvbnpc/i_left_my_agency_and_started_managing_myself_its/,,2025-10-01,I left my agency and started managing myself. It‚Äôs been the best decision financially and creatively,About a year ago I decided to leave the agency that had been managing my brand deals and content partnerships. I was nervous at first but honestly it‚Äôs been the best decision I‚Äôve made for both my income and my sanity  I used to feel locked into certain deals that didn‚Äôt really match my style or aud,u/WillingnessHappy5740
reddit,Backpackingwithmylen,YouTubers,reddit_upvotes,4,1,0,2,4,,,,https://www.reddit.com/r/youtubers/comments/1o39yov/my_channel_was_attacked_by_a_bot/,,2025-10-10,My channel was attacked by  a bot?,"This is the third time something like this happened so thought of posting here. Just wanted to understand why something like this happened and how to prevent it. In January all of a sudden I gained 160 subs and got 160 unsub the next day. Similarly, in February 77 subs and 77 unsub. But this time th",u/Backpackingwithmylen
reddit,ksaize,Marketing,reddit_upvotes,13,1,0,1,4,,,,https://www.reddit.com/r/marketing/comments/1nzjxa6/parallels_with_seo_15_years_ago_and_reddit_link/,,2025-10-06,Parallels with SEO 15 years ago and Reddit link building in 2025,"**TL;DR: My prediction about agencies doing Reddit link building for LLM are going to be out of business in 12 months. It is built on hype and not knowledge about LLM or Reddit.**  **Clarification: I do not offer reddit organic marketing services.**  For those unaware, Reddit had deal with Google to",u/ksaize
reddit,Youssef822,DigitalMarketing,reddit_upvotes,4,1,0,1,4,,,,https://www.reddit.com/r/DigitalMarketing/comments/1ny6q1g/bots_clicks_problem_in_meta/,,2025-10-04,Bots clicks problem in meta,i've made an ad as conversion for my landing website page to get sales but it ended up with a lot of clicks (1377 click cost per click very low 0.19EGP)    without any purchases or even scroll in website very short sessions or very long sessions    in Microsoft clarity it doesn't show up that number,u/Youssef822
reddit,WoodenTraffic7730,DigitalMarketing,reddit_upvotes,2,1,0,2,4,,,,https://www.reddit.com/r/DigitalMarketing/comments/1o29h63/digital_marketing_course_help/,,2025-10-09,Digital marketing course help,"Hi guys, one of my friend wants to switch her career. She will complete her master‚Äôs next year in dietetics but there‚Äôs very less scope for her in that subject, so she was thinking of learning digital marketing which will help her get a job along with the course so can you please suggest me some cou",u/WoodenTraffic7730
reddit,Own-Barracuda-4228,DigitalMarketing,reddit_upvotes,1,1,0,2,4,,,,https://www.reddit.com/r/DigitalMarketing/comments/1o1f5z0/tired_of_fake_marketing_groups_looking_for_a/,,2025-10-08,"Tired of fake ""marketing"" groups ‚Äî looking for a small, real community of passionate marketers","I don‚Äôt know if anyone else feels this, but I‚Äôm honestly tired of joining ‚Äúmarketing‚Äù groups that are full of bots, ghost members, or spammy posts.  I‚Äôm new to digital marketing, but I‚Äôm serious about learning and improving. I just want to connect with real people who share the same passion ‚Äî people",u/Own-Barracuda-4228
reddit,charliewr,Emailmarketing,reddit_upvotes,1,1,0,2,4,,,,https://www.reddit.com/r/Emailmarketing/comments/1o19g27/advice_wanted_does_anyone_know_a_method_for_if/,,2025-10-08,"Advice wanted: does anyone know a method for, if someone signed up for a back in stock notification, didn't purchase the item, and then the item sells out, to email them letting them know they missed ","I work at an eCommerce company where, at the moment, demand is mostly outweighing supply (a good and bad problem for a marketer, lol)  *Most* of our main desireable high-ticket items are out of stock.   Lots of people sign up for email notifications when things come back in. Quite often, things sell",u/charliewr
reddit,MaddieThinkific,OnlineCourses,reddit_upvotes,2,1,0,2,4,,,,https://www.reddit.com/r/onlinecourses/comments/1o1pk80/accessibility_checklist_for_course_creators/,,2025-10-08,Accessibility checklist for course creators,"Hi! I created this accessibility checklist for a recent event we had (the Peak Season Summit if anyone attended), but figured I might as well share it here too.  **Content & Structure**  * Clear, simple, & consistent language * Logical flow of ideas (i.e. introduction, body, summary) * Break long pa",u/MaddieThinkific
reddit,briocheburgerbun,OnlineCourses,reddit_upvotes,2,1,0,2,4,,,,https://www.reddit.com/r/onlinecourses/comments/1o1lhca/is_miracamp_legit/,,2025-10-08,Is Miracamp legit?,"Hey everyone,   I came across an online course provider called Miracamp that offers professional video editing programs. Their website looks professional, and they have a 4.9/5 rating on Trustpilot that's also listed in their website, but I noticed a small warning that they might be requesting revie",u/briocheburgerbun
reddit,Ashamed-Nectarine-84,OnlineCourses,reddit_upvotes,1,2,0,0,4,,,,https://www.reddit.com/r/onlinecourses/comments/1nwvtuq/kajabi_is_too_expensive_any_good_alternatives/,,2025-10-03,Kajabi is too expensive ‚Äî any good alternatives with email marketing?,"I‚Äôm a course creator getting ready to launch some new content, so I‚Äôve been exploring different online course platforms. I recently checked out Kajabi, and while it looks super solid feature-wise, the pricing is honestly a bit too much for me right now.   On top of that, I noticed that you only get ",u/Ashamed-Nectarine-84
reddit,Key_Recognition4437,OnlineCourses,reddit_upvotes,2,2,0,0,4,,,,https://www.reddit.com/r/onlinecourses/comments/1nuayvp/need_suggestions_best_online_course_platform_with/,,2025-09-30,Need suggestions: Best Online Course Platform with Migration Support,"I‚Äôve got 20+ courses hosted on a popular platform, but they just bumped up their pricing almost 3X. That‚Äôs way too much for me to handle, so I‚Äôm planning to switch.  Thing is, I don‚Äôt really want to go through the hassle of moving all my courses, videos, and student data manually. Do you know any co",u/Key_Recognition4437
reddit,JAG_Ryan,SelfImprovement,reddit_upvotes,2,1,0,2,4,,,,https://www.reddit.com/r/selfimprovement/comments/1o15267/psa_parts_therapy_helped_me_see_why_i_wasnt/,,2025-10-08,PSA Parts Therapy helped me see why I wasn‚Äôt achieving goals,"Almost a year ago I did a parts therapy (Internal Family Systems) session with a hypnotherapist because, mid 40‚Äôs, I was desperate to actually start accomplishing goals in life. The therapist said the session would be successful if we got all my parts to agree to work together as a supportive team.¬†",u/JAG_Ryan
reddit,Candid_Positive8832,Entrepreneur,reddit_upvotes,2,1,0,1,3,,,,https://www.reddit.com/r/Entrepreneur/comments/1nyv8qw/i_want_to_expand_my_business_but_whitelabel_it/,,2025-10-05,"I want to expand my business, but ""white-label"" it",Hi im a consultant freelancer working from a controversial country and i miss many business opportunities with countries that dont have bilateral connections with mine even though i could provide services there im thinking about creating an ai agent trained on my own knowledge kind of like a digital,u/Candid_Positive8832
reddit,Tharnwell,Entrepreneur,reddit_upvotes,29,1,0,0,3,,,,https://www.reddit.com/r/Entrepreneur/comments/1nskfhf/looking_back_on_15_years_of_online_business/,,2025-09-28,Looking back on 15 years of online business models and what still works today,"I‚Äôve been online for about 15 years now.¬†  I‚Äôve witnessed several online business model trends over the years. The timeframes mentioned below represent what I consider the golden eras of each business model. This doesn‚Äôt mean these strategies won‚Äôt work today, but they are far more challenging to su",u/Tharnwell
reddit,covert777,Productivity,reddit_upvotes,2,1,0,1,3,,,,https://www.reddit.com/r/productivity/comments/1nz5nde/productivity_help_for_an_overwhelmed_manager_in_a/,,2025-10-06,Productivity help for an overwhelmed manager in a reactionary/incident driven role,"I'm a manager in an IT department where I oversee multiple teams of support techs who work onsite at various company locations. I'd say that about 2/3 of my job is reacting to support situations and the remaining 3rd is working on ""planned"" tasks/projects. It's just the nature of the gig where my te",u/covert777
reddit,MrMusicAndFilm,Entrepreneur,reddit_upvotes,9,1,0,0,2,,,,https://www.reddit.com/r/Entrepreneur/comments/1nueuij/burnout_exhaustion_and_lack_of_inspiration/,,2025-09-30,"Burnout, exhaustion, and lack of inspiration","As you can probably guess, I'm dealing with all of those things in the title. For better context of how I got here, I'll share some info.  First, I'll be 50 next year, I have a wife, twins that are soon to be 5 (yes, we started late), no real savings outside of Social Security benefits (available in",u/MrMusicAndFilm
reddit,croos-sime,Entrepreneur,reddit_upvotes,1,1,0,0,2,,,,https://www.reddit.com/r/Entrepreneur/comments/1nwo2mx/any_tips_for_healthcare_software/,,2025-10-03,Any tips for healthcare software?,"I have to say most of the healthcare software in South America countries, such as Colombia Republica Venezuela, half a really poor quality and everything is even worse outside of the capital cities. For example, maybe some doctors in Caracas have good software to manage their appointments, but outsi",u/croos-sime
reddit,CaptianGooseFlaps,Entrepreneur,reddit_upvotes,4,1,0,0,2,,,,https://www.reddit.com/r/Entrepreneur/comments/1nuh6or/helping_5_creators_build_offers_optimize_content/,,2025-09-30,"Helping 5 Creators Build Offers, Optimize Content & Land Clients","I'm looking to help creators package their skills into a clear offer, optimize content for growth, and build a simple sales system that attracts clients consistently. I'll help you make a compelling offer and make content to support that.  I have been an entrepreneur the last 5 years or so . Doing T",u/CaptianGooseFlaps
reddit,davidmorelo,Entrepreneur,reddit_upvotes,7,1,0,0,2,,,,https://www.reddit.com/r/Entrepreneur/comments/1ntdo6r/33m_entrepreneur_making_good_money_but_worried/,,2025-09-29,33M entrepreneur making good money but worried about future,"I'm 33, living in a small Czech city with my wife and two young kids (6 and 3). I currently make about $5k USD/month from two sources: content writing ($2.5k - but this industry is clearly dying) and a video game I've been developing ($2.5k on Patreon and growing). I have a decent emergency fund and",u/davidmorelo
reddit,belloaisha,SmallBusiness,reddit_upvotes,0,1,0,0,2,,,,https://www.reddit.com/r/smallbusiness/comments/1ntf3y6/i_dont_know_where_im_headed_or_what_am_i_doing/,,2025-09-29,I don't know where I'm headed or what am I doing with my life,"I am 21M  My dream is to become rich and escape the rat race so that I can buy whatever I want without even thinking about my bank balance. Every time I saw a new car, bike, phone the first thing that came into my mind is how do I get it and what should I do so that I could afford those things, and ",u/belloaisha
reddit,Expert-Recipe1713,SelfImprovement,reddit_upvotes,9,1,0,0,2,,,,https://www.reddit.com/r/selfimprovement/comments/1nvza6k/23_and_dont_know_what_to_do_with_my_life/,,2025-10-02,"23, and don‚Äôt know what to do with my life","Hey guys, I‚Äôm a male and live in Miami, fl. I went to school for IT and got an associates hoping for a remote job and it never happened. I took google‚Äôs UX design course and built a portfolio of projects, yet never landed a remote UX design job. I really don‚Äôt want to work in help desk on site for 2",u/Expert-Recipe1713
