platform,subreddit,url,author_handle,title,excerpt,evidence_quote,score,created_utc,website,contact_url,email,company
reddit,Entrepreneur,https://www.reddit.com/r/Entrepreneur/comments/1nyv8qw/i_want_to_expand_my_business_but_whitelabel_it/,u/Candid_Positive8832,"I want to expand my business, but ""white-label"" it",Hi im a consultant freelancer working from a controversial country and i miss many business opportunities with countries that dont have bilateral connections with mine even though i could provide services there im thinking about creating an ai agent trained on my own knowledge kind of like a digital,,1,1759687290,,,,
reddit,Entrepreneur,https://www.reddit.com/r/Entrepreneur/comments/1nueuij/burnout_exhaustion_and_lack_of_inspiration/,u/MrMusicAndFilm,"Burnout, exhaustion, and lack of inspiration","As you can probably guess, I'm dealing with all of those things in the title. For better context of how I got here, I'll share some info.  First, I'll be 50 next year, I have a wife, twins that are soon to be 5 (yes, we started late), no real savings outside of Social Security benefits (available in",,9,1759242854,,,,
reddit,Entrepreneur,https://www.reddit.com/r/Entrepreneur/comments/1nxf5fa/what_happens_when_every_channel_is_flooded_with/,u/GmailsAreCute,What happens when every channel is flooded with AI outreach?,"With AI making it cheap and easy to send massive amounts of cold emails and LinkedIn messages, it feels like those channels are going to be completely saturated in the next few years. At some point inboxes will be AI-filtered, LinkedIn will be full of bots, and ‚Äúbetter copy‚Äù won‚Äôt be enough to stand",,3,1759535686,,,,
reddit,Entrepreneur,https://www.reddit.com/r/Entrepreneur/comments/1nwo2mx/any_tips_for_healthcare_software/,u/croos-sime,Any tips for healthcare software?,"I have to say most of the healthcare software in South America countries, such as Colombia Republica Venezuela, half a really poor quality and everything is even worse outside of the capital cities. For example, maybe some doctors in Caracas have good software to manage their appointments, but outsi",,1,1759460814,,,,
reddit,Entrepreneur,https://www.reddit.com/r/Entrepreneur/comments/1nupi4c/how_my_girlfriend_made_reviewing_academic_papers/,u/Academic_Way_293,How my girlfriend made reviewing academic papers into a small business,"She has reached about $4000 /mo, of course it fluctuates based on demand and scaling it to a bigger business is kind of up in the air right now since it'd mean hiring more people and turning it into more     What she's doing is essentially formatting research papers for uni researchers or people in ",,57,1759266944,,,,
reddit,Entrepreneur,https://www.reddit.com/r/Entrepreneur/comments/1nuh6or/helping_5_creators_build_offers_optimize_content/,u/CaptianGooseFlaps,"Helping 5 Creators Build Offers, Optimize Content & Land Clients","I'm looking to help creators package their skills into a clear offer, optimize content for growth, and build a simple sales system that attracts clients consistently. I'll help you make a compelling offer and make content to support that.  I have been an entrepreneur the last 5 years or so . Doing T",,6,1759248157,,,,
reddit,Entrepreneur,https://www.reddit.com/r/Entrepreneur/comments/1ntruoo/laidoff_at_a_loss_not_even_sure_what_to_ask_or/,u/technicallyNotAI,"Laid-off - At a loss, not even sure what to ask or where to start","Firstly, I always thought I'd branch out on my own eventually, but my lack of funds at the moment is limiting me. I think the stress also hurts my ability to think straight right now. I have many product ideas but no money to fund it. A few service ideas, but they're half-baked and idk where to star",,1,1759174950,,,,
reddit,Entrepreneur,https://www.reddit.com/r/Entrepreneur/comments/1ntdo6r/33m_entrepreneur_making_good_money_but_worried/,u/davidmorelo,33M entrepreneur making good money but worried about future,"I'm 33, living in a small Czech city with my wife and two young kids (6 and 3). I currently make about $5k USD/month from two sources: content writing ($2.5k - but this industry is clearly dying) and a video game I've been developing ($2.5k on Patreon and growing). I have a decent emergency fund and",,7,1759138839,,,,
reddit,Entrepreneur,https://www.reddit.com/r/Entrepreneur/comments/1nskfhf/looking_back_on_15_years_of_online_business/,u/Tharnwell,Looking back on 15 years of online business models and what still works today,"I‚Äôve been online for about 15 years now.¬†  I‚Äôve witnessed several online business model trends over the years. The timeframes mentioned below represent what I consider the golden eras of each business model. This doesn‚Äôt mean these strategies won‚Äôt work today, but they are far more challenging to su",,25,1759053385,,,,
reddit,Entrepreneur,https://www.reddit.com/r/Entrepreneur/comments/1nqfm8s/gave_myself_12_hours_to_build_an_ai_shirt_bot/,u/amantinband,Gave myself 12 hours to build an AI shirt bot. Here's what happened.,"Hey r/entrepreneur,  Background: I'm deep in building my main startup (Brilliant), but had this intrusive thought of ""What if AI could turn any tweet into a custom shirt design that you can instantly purchase?"".  The constraint: 12 hours to build it. No extensions, no ""I'll finish it tomorrow."" Just",,0,1758827315,,,,
reddit,SmallBusiness,https://www.reddit.com/r/smallbusiness/comments/1nvbyg9/spent_a_whole_day_training_someone_yesterday/,u/CodeFlux88,Spent a whole day training someone yesterday. Today they asked me the exact same questions.,I don't even know what to do anymore.   We went from a small team of 3 to 8 since april and I thought hiring would solve problems but really it just created new ones. Like now instead of being stressed about delivering I'm stressed about training people to do the work. We had this new guy just joini,,81,1759333893,,,,
reddit,SmallBusiness,https://www.reddit.com/r/smallbusiness/comments/1nop7z4/using_ai_for_customer_support_before_and_after/,u/Easy-Department-516,Using AI for Customer Support: Before and After,"After adding AI chatbots to businesses, here's what we've found: Before AI: Customers waiting hours for help Lost leads because no one got back to them quickly enough Staff members spend 50 hours a day answering the same question.  After AI: Customers get answers right away (24/7) More satisfied cus",,1,1758651974,,,,
reddit,SmallBusiness,https://www.reddit.com/r/smallbusiness/comments/1ntf3y6/i_dont_know_where_im_headed_or_what_am_i_doing/,u/belloaisha,I don't know where I'm headed or what am I doing with my life,"I am 21M  My dream is to become rich and escape the rat race so that I can buy whatever I want without even thinking about my bank balance. Every time I saw a new car, bike, phone the first thing that came into my mind is how do I get it and what should I do so that I could afford those things, and ",,0,1759144147,,,,
reddit,ContentCreators,https://www.reddit.com/r/ContentCreators/comments/1nvbnpc/i_left_my_agency_and_started_managing_myself_its/,u/WillingnessHappy5740,I left my agency and started managing myself. It‚Äôs been the best decision financially and creatively,About a year ago I decided to leave the agency that had been managing my brand deals and content partnerships. I was nervous at first but honestly it‚Äôs been the best decision I‚Äôve made for both my income and my sanity  I used to feel locked into certain deals that didn‚Äôt really match my style or aud,,1,1759333225,https://www.nowfluence.co/,https://www.nowfluence.co/contact,your_email@domain.com,nowfluence: Influencer Campaign Management
reddit,Marketing,https://www.reddit.com/r/marketing/comments/1nq2xje/has_anyone_here_tried_testing_marketing_campaign/,u/jupiterframework,Has anyone here tried testing marketing campaign messaging on digital twins of their target audience?,"I‚Äôm experimenting with it as an alternative to A/B tests or focus groups, just to see what sticks before going live. Curious if others think this kind of 'virtual focus group' is reliable or just hype.",,2,1758795361,,,,
reddit,Marketing,https://www.reddit.com/r/marketing/comments/1nqt1v9/retrain_the_ad_networks_to_stop_sending_you_bot/,u/polygraph-net,Re-train the ad networks to stop sending you bot traffic (image and explanation inside),,,37,1758864461,,,,
reddit,Marketing,https://www.reddit.com/r/marketing/comments/1nzjxa6/parallels_with_seo_15_years_ago_and_reddit_link/,u/ksaize,Parallels with SEO 15 years ago and Reddit link building in 2025,"**TL;DR: My prediction about agencies doing Reddit link building for LLM are going to be out of business in 12 months. It is built on hype and not knowledge about LLM or Reddit.**   **Clarification: I do not offer reddit organic marketing services.**  For those unaware, Reddit had deal with Google t",,1,1759759358,,,,
reddit,DigitalMarketing,https://www.reddit.com/r/DigitalMarketing/comments/1ny6q1g/bots_clicks_problem_in_meta/,u/Youssef822,Bots clicks problem in meta,i've made an ad as conversion for my landing website page to get sales but it ended up with a lot of clicks (1377 click cost per click very low 0.19EGP)    without any purchases or even scroll in website very short sessions or very long sessions    in Microsoft clarity it doesn't show up that number,,5,1759614908,,,,
reddit,DigitalMarketing,https://www.reddit.com/r/DigitalMarketing/comments/1nq05po/need_help_switching_from_sales_to_digital/,u/RemarkableClothes43,"Need help: Switching from Sales to Digital Marketing (Performance Marketing, GA4, DV360)","Hello everyone,  I‚Äôm an MBA graduate from india currently working in a sales role for the last 6 months with a salary of ‚Çπ5.5 LPA. However, I really want to switch my career to **digital marketing**, specifically in **performance marketing, GA4, DV360, programmatic ads, or ad operations.**  Here‚Äôs m",,2,1758784386,,,,
reddit,DigitalMarketing,https://www.reddit.com/r/DigitalMarketing/comments/1npihxu/throwaway_instagrams_entire_future_depends_on/,u/TechnicianVirtual237,Throwaway: Instagrams entire future depends on automation (I saw it firsthand),"Throwaway for obvious reasons. Up until 2 months ago I was on the M&A (mergers & acquisitions) team at Meta. I left to work for another company in the social media space, but while I was there I saw enough on the inside to understand how Instagram really thinks about growth and where they‚Äôre steerin",,1137,1758735140,,,,
reddit,Emailmarketing,https://www.reddit.com/r/Emailmarketing/comments/1npdi7p/mailchimp_analytics_mpp_exclusion_still_seeing/,u/Frosty_Software_170,Mailchimp Analytics & MPP Exclusion ‚Äì Still Seeing Inflated Opens,"I was asked to dig into some suspicious Mailchimp analytics. From what I‚Äôve heard, Mailchimp support suggested the inflated numbers might be due to automated activity (like bots). I also know Apple‚Äôs Mail Privacy Protection (MPP), introduced in 2021, often causes false opens by preloading pixels.  H",,1,1758723805,,,,
reddit,OnlineCourses,https://www.reddit.com/r/onlinecourses/comments/1nwvtuq/kajabi_is_too_expensive_any_good_alternatives/,u/Ashamed-Nectarine-84,Kajabi is too expensive ‚Äî any good alternatives with email marketing?,"I‚Äôm a course creator getting ready to launch some new content, so I‚Äôve been exploring different online course platforms. I recently checked out Kajabi, and while it looks super solid feature-wise, the pricing is honestly a bit too much for me right now.   On top of that, I noticed that you only get ",,1,1759488779,,,,
reddit,OnlineCourses,https://www.reddit.com/r/onlinecourses/comments/1nub6hs/best_online_course_platforms_with_affiliate/,u/Ashamed-Nectarine-84,Best online course platforms with affiliate programs?,"I‚Äôve got a site where I do affiliate stuff, and I‚Äôm thinking of diving into the online course platform space. I‚Äôm looking for platforms that have decent affiliate programs‚Äîgood commissions, reliable payouts, and easy tracking.   If you‚Äôre a platform owner, a marketer, or already promoting one, I‚Äôd l",,5,1759233449,,,,
reddit,OnlineCourses,https://www.reddit.com/r/onlinecourses/comments/1nuayvp/need_suggestions_best_online_course_platform_with/,u/Key_Recognition4437,Need suggestions: Best Online Course Platform with Migration Support,"I‚Äôve got 20+ courses hosted on a popular platform, but they just bumped up their pricing almost 3X. That‚Äôs way too much for me to handle, so I‚Äôm planning to switch.  Thing is, I don‚Äôt really want to go through the hassle of moving all my courses, videos, and student data manually. Do you know any co",,1,1759232800,,,,
reddit,OnlineCourses,https://www.reddit.com/r/onlinecourses/comments/1ntdsw7/best_platforms_to_sell_online_courses_digital/,u/Ashamed-Nectarine-84,Best Platforms to Sell Online Courses & Digital Downloads?,"I'm looking to launch an online course and also sell digital downloads like templates, guides, and eBooks. I need a platform that's:   * Easy to set up  * Supports both courses and digital products * Handles payments and delivery seamlessly * Offers no transaction fees or low fees  I've come across ",,7,1759139377,,,,
reddit,SelfImprovement,https://www.reddit.com/r/selfimprovement/comments/1nz1z5y/is_37_too_late/,u/Only_Nothing9585,Is 37 too late?,"I'm about to turn 37 and I have completely wasted my life. I never had a goal, I've never gone travelling, never had a relationship and lack many things I thought I would have by now. I work part time and live in a shared house. For many years I had depression, mostly because of fake friends and lon",,582,1759702913,,,,
reddit,SelfImprovement,https://www.reddit.com/r/selfimprovement/comments/1nvza6k/23_and_dont_know_what_to_do_with_my_life/,u/Expert-Recipe1713,"23, and don‚Äôt know what to do with my life","Hey guys, I‚Äôm a male and live in Miami, fl. I went to school for IT and got an associates hoping for a remote job and it never happened. I took google‚Äôs UX design course and built a portfolio of projects, yet never landed a remote UX design job. I really don‚Äôt want to work in help desk on site for 2",,11,1759397980,,,,
reddit,Productivity,https://www.reddit.com/r/productivity/comments/1nz5nde/productivity_help_for_an_overwhelmed_manager_in_a/,u/covert777,Productivity help for an overwhelmed manager in a reactionary/incident driven role,"I'm a manager in an IT department where I oversee multiple teams of support techs who work onsite at various company locations. I'd say that about 2/3 of my job is reacting to support situations and the remaining 3rd is working on ""planned"" tasks/projects. It's just the nature of the gig where my te",,2,1759712997,,,,
reddit,Webflow,https://www.reddit.com/r/webflow/comments/1nomajb/should_i_use_webflow_ecommerce_to_collect/,u/SusEmbra,Should I use Webflow Ecommerce to collect payments for in-person courses?,"I‚Äôm setting up in-person courses for a client and want a simple way to let people pay online. I already use Webflow as my preferred platform builder so I was thinking of Webflow Ecommerce to list the courses like products and take one-time payments.  There will be no shipping or downloads required, ",,5,1758645374,,,,
reddit,Wordpress,https://www.reddit.com/r/Wordpress/comments/1nw4xxo/need_help_with_spam_blog_posts/,u/grassisgreen4,Need Help With Spam Blog Posts,"Basically someone made a bunch of spam blog posts around 2000 of them on the same date and time on the wordpress site im working on, of course its a bot or something but how can i find out the source of this and what can i do to make sure it doesnt happen again? TIA",,2,1759414411,,,,
reddit,Skool,https://www.reddit.com/r/SKOOL/comments/1nzd1b7/heartbroken_by_what_skool_has_become_my/,u/Jay_D88,Heartbroken by What Skool Has Become ‚Äî My Experience with Fake Courses and Zero Support,"I used to really love **Skool** ‚Äî it felt like a place where people could learn, share, and grow together. But now, it honestly feels like it‚Äôs becoming a **shortcut for scammers** to make quick money off unsuspecting members.  Customer support has been a huge disappointment. It‚Äôs slow, unhelpful, a",,1,1759737475,,,,
youtube,Kindly Connected,https://www.youtube.com/watch?v=DBrJJQfoIa0,Kindly Connected,"Before I built my AI twin, creating content felt like a full-time job","Before I built my AI twin, creating content felt like a full-time job. I'd spend hours recordin.",AI twin,1290,1759762905,,,,
youtube,Mitthu's Fantasy World,https://www.youtube.com/watch?v=6oKE2ViNIxk,Mitthu's Fantasy World,Twin ...  #shorts #shortsfeed #viral #subscribe #instagram #youtubeshorts #ai #aivideo,,,750,1759760520,,,,
youtube,Isabella Reviewer,https://www.youtube.com/watch?v=vyXiOg7N8e4,Isabella Reviewer,Combine AI Voice Cloning and Influencers to Build Your Digital Twin | #IsabellaReviewer #shorts,Combine AI Voice Cloning and Influencers to Build Your Digital Twin | #IsabellaReviewer #shorts #tips ...,,46,1759759295,,,,
youtube,Vkuoo Meng,https://www.youtube.com/watch?v=pWB9RskYbmA,Vkuoo Meng,üçîüèôÔ∏è MCDONALD‚ÄôS TWIN TOWERS: The AI-Generated Marvel You NEED to See!,[0:07] Wait till you see how Nanobanana and Midjourney bring this iconic fast-food fantasy to life... #AIDesign / #nanobanana ...,,780,1759752169,,,,
youtube,Meow Cat. AI,https://www.youtube.com/watch?v=vMupuS0JAIo,Meow Cat. AI,Twin Cats Shuffle Dance Like TikTok Stars üòªüî• #dancevideo #shuffledance #shortscat,Get ready to dance with these 3 twin cats as they perform the viral TikTok Shuffle Dance with perfect moves and endless energy!,,273,1759752149,,,,
youtube,AI Videos 904,https://www.youtube.com/watch?v=xInqTjZKtF4,AI Videos 904,üì±Twin pet&#39;s Go Viral! Playing with smartphone in village filed üíÉ‚ò∫ Cutest Moment Ever!,Watch these adorable twin babies enjoying a sunny day in a lush green village field! ‚òÄÔ∏è Wearing colorful diapers and sharing ...,,11900,1759750671,,,,
youtube,HEALTHUSIAS,https://www.youtube.com/watch?v=9jkefdZMrZA,HEALTHUSIAS,Funny Baby Cat üêæ Cute AI Playtime Melt-Your-Heart Short,What happens when artificial intelligence meets natural curiosity? This funny and adorable baby cat interacts with its AI twin ‚Äî a ...,AI twin,928,1759750090,,,,
youtube,AI Videos 904,https://www.youtube.com/watch?v=qGRlTPBVTxc,AI Videos 904,üì±Twin pet&#39;s Go Viral! Playing with smartphone in village filed ‚ò∫üòò Cutest Moment Ever!,Watch these adorable twin babies enjoying a sunny day in a lush green village field! ‚òÄÔ∏è Wearing colorful diapers and sharing ...,,11900,1759741625,,,,
youtube, Ai  dream world,https://www.youtube.com/watch?v=CsikN1l1VYY, Ai  dream world,Twin Babies Fight for One Toy üòÇ | Cutest Toddler Challenge Ever#cute #funny #subscribe,"Two adorable twin babies are walking toward one toy ‚Äî but only one can win! Watch their cute competition, laughter, and ...",,4800,1759730848,,,,
youtube,KiddyToons,https://www.youtube.com/watch?v=m-i5zahjjas,KiddyToons,üòçBhangra by twin babies ü•∞üßìüëØ #shorts #trending #ai #cute,"Don't forget to LIKE , COMMENT & SUBSCRIBE for more cute baby dance videos every day! #twins #babydance #foryou ...",,16,1759727276,,,,
youtube,Rahmat ASMR AI,https://www.youtube.com/watch?v=iJcBgFaNvfw,Rahmat ASMR AI,Twin Jets Defy the Storm üå©Ô∏è‚úàÔ∏è&quot;#aigenerated #breakingnews #shorts#subscribe#like#fyp„Ç∑ #skydominators,,,1490,1759726854,,,,
youtube,YTSADDU1,https://www.youtube.com/watch?v=xkS3ZqyKauI,YTSADDU1,BABY DANCE USA AI BABA CUTEBABY FYP TWIN#aibaby #aitrading #twins #twinsblog #twinlife #funny VIDEO,,,1,1759723697,,,,
youtube,Sol plantitaüå±,https://www.youtube.com/watch?v=czHdlpzsNOo,Sol plantitaüå±,TerraPixel Pitch: AI Farm Twin Powered by NASA + Ancestral Wisdom,600 million farmers lose 20% of their crops from blind decisions. TerraPixel changes that. We've built an AI-native digital twin of ...,,0,1759721434,,,,
youtube,AI ENTERTAINMENT,https://www.youtube.com/watch?v=E-ccqFIPho0,AI ENTERTAINMENT,Magical mom transformation to twin babies unbelievable transformation #agt #shorts #shortsviral,"Welcome to the ultimate AI Magical Universe ‚ú® ‚Äî where dreams, transformations, family love, fantasy, and technology collide in ...",,922,1759716020,,,,
youtube,TechStanis,https://www.youtube.com/watch?v=lLonS0_2w2g,TechStanis,virtual twin concept: Your Ai Twin,virtual twin concept: Your Ai Twin video is an essential guide to understanding the future of personalized AI: the Virtual Twin ...,Ai Twin,163,1759710407,,,,
youtube,Im not no lie,https://www.youtube.com/watch?v=cIJ90t8C2jE,Im not no lie,Ai gives me a twin,,,98,1759710139,,,,
youtube,CatStory,https://www.youtube.com/watch?v=dgb6tfvOrSQ,CatStory,"She Fell, But Her Twin Won the Fashion Show!#catstory #ai #lovestory #videocat",,,4610,1759699627,,,,
youtube,Kindly Connected,https://www.youtube.com/watch?v=UkDr7Kn0-mY,Kindly Connected,"Before I built my AI twin, creating content felt like a full-time job","Before I built my AI twin, creating content felt like a full-time job. I'd spend hours recordin.",AI twin,1290,1759698151,,,,
youtube,Jay Marie,https://www.youtube.com/watch?v=9Ccr9piOP5g,Jay Marie,How I Make Money Online Without Showing My Face (Faceless AI Instagram Strategy 2025),Peace + profit can exist together. If you're tired of‚Ä¶ ‚ö° Feeling like you have to be ‚Äúon‚Äù all the time to grow. ‚ö° Overthinking your ...,,3,1759687425,,,,
youtube,Kindly Connected,https://www.youtube.com/watch?v=W8FO8GlvJkM,Kindly Connected,"Before I built my AI twin, creating content felt like a full-time job","Before I built my AI twin, creating content felt like a full-time job. I'd spend hours recordin.",AI twin,1290,1759687410,,,,
youtube,Eagle Studios ,https://www.youtube.com/watch?v=FgQR4gh2CTk,Eagle Studios ,The Twin Caveman Animated by AI #shorts #ai #viral #viralvideo #aivideo #subscribers #subscribe,Caveman The Rock Bottom Animated by AI #shorts #ai #viral #viralvideo #aivideo #subscribers #subscribe.,,43,1759685306,,,,
youtube,Eagle Studios ,https://www.youtube.com/watch?v=Cjf6_cuLp44,Eagle Studios ,The Twin Caveman - 3D Animated by AI #ai #aivideo #subscribe #shorts #reels #viral #viralvideo,viral #ai #viralvideo #subscribers #subscribe #aivideo Rock Bottom Caveman Story Animated by AI #ai #aivideo #subscribe ...,,43,1759683962,,,,
youtube,Flash Louis,https://www.youtube.com/watch?v=1sCAE19EuRI,Flash Louis,I Made an AI Twin and It Went Wild!,"I Made an AI Twin and It Went Wild! My AI twin got no chill! I made it using a website called Tavus.io. It cloned my face, voice, and ...",AI Twin,1610,1759679043,,,,
youtube,Nilesh Sahoo,https://www.youtube.com/watch?v=kVJZzqrDJyw,Nilesh Sahoo,Al neural wellness,"Introducing AI Neural Wellness Twin, a next-generation AI-powered companion designed to monitor, predict, and enhance your ...",,0,1759678053,,,,
youtube,Bloom with grace üëë ,https://www.youtube.com/watch?v=YnOiJEhzHFA,Bloom with grace üëë ,#Judith twin sister#ai #funny ü§£,,,16,1759677858,,,,
youtube,Joseph Modesto,https://www.youtube.com/watch?v=zwiDZB3Eclc,Joseph Modesto,AI of Me,,,60,1759621799,,,,
youtube,Ï≤†Ïàò(AI)ÏôÄ ÏÑ±Ï£º(NI),https://www.youtube.com/watch?v=51V0kg4baFQ,Ï≤†Ïàò(AI)ÏôÄ ÏÑ±Ï£º(NI),"AIÏùò Ìò∏ÏùòÏóê ÎåÄÌïòÏó¨ - Ïôú Ïù∏Î•òÎäî AIÏóê Ïó¥Í¥ëÌïòÎäîÍ∞Ä. Ïù∏Î•ò ÏµúÏ¥à Î™®Îì† ÏÇ¨ÎûåÎì§Ïù¥ 24/7 ÎåÄÌôî ÏÉÅÎåÄÎ•º ÏÜåÏú†ÌïòÎäî Í≤ÉÏùò ÏùòÎØ∏. AI of me, by me, for meÏùò ÏùòÎØ∏!",Ïù∏Í≥µÏßÄÎä• #ai #Ï≤†ÏàòÏôÄÏÑ±Ï£º #Î¨∏ÌòïÎ∞∞ #Ìò∏ÏùòÏóêÎåÄÌïòÏó¨ #Ï≥áGPT #Ïò§Ìîàai #Ïπ¥Ïù¥Ïä§Ìä∏ #ÍπÄÎåÄÏãù 00:05 Ï≥áÏßÄÌîºÌã∞ÏóêÏÑú Ï≤†Ïàò Ï¥àÎåÄ 00:25 ÏÇ¨Îûå ...,,1,1759621122,,,,
youtube,Wira Kesuma,https://www.youtube.com/watch?v=pbditYFLY_s,Wira Kesuma,AI of me...,,,1,1758983724,,,,
youtube,AashikiiVods,https://www.youtube.com/watch?v=vaD4rxjXhOA,AashikiiVods,Talking to Myself in C.AI,"someone made an Ai of me so I HAD to talk with it... and flirt? May 27, 2025 Streamed at: https://www.twitch.tv/aashikii Main ...",,199,1758649970,https://www.twitch.tv/aashikii,https://www.twitch.tv/aashikii/contact,,Twitch
youtube,The Conforto family,https://www.youtube.com/watch?v=0SaFx255ojA,The Conforto family,Ai of me and my brother old picture,,,135,1758643144,,,,
youtube,The Official Real Barbi Doll ,https://www.youtube.com/watch?v=QUP6LjujdWA,The Official Real Barbi Doll ,Ai of me,To check it out here https://www.tiktok.com/t/ZTHWed7a9exqw-q5u6S/ #cardib #amithedrama #fyp #HeartFullOfLove ...,,120,1758564130,https://www.tiktok.com/t/ZTHWed7a9exqw-q5u6S/,https://www.tiktok.com/t/ZTHWed7a9exqw-q5u6S/contact,example@example.com,Security Check
youtube,Soul Renovation,https://www.youtube.com/watch?v=lRwOBaUAROc,Soul Renovation,Digital Resurrection: Ethics of AI Avatars and Grief (By Adeline Atlas),Adeline Atlas 11 X Published AUTHOR Digital Twin: Create Your AI Clone: https://tinyurl.com/y375cbxn SOS: School of Soul ...,,4620,1759762883,https://tinyurl.com/y375cbxn,,,404 Error
youtube,Rafael Fuentes AI,https://www.youtube.com/watch?v=NqnumVtZ95w,Rafael Fuentes AI,Advanced Phishing Scams and AI-Driven Cybersecurity Threats in 2025,Cybersecurity 2025: AI and Zero Trust Strategies Against Modern Threats Welcome to the Rafael Fuentes AI channel (digital ...,,2,1759760347,,,,
youtube,Isabella Reviewer,https://www.youtube.com/watch?v=vyXiOg7N8e4,Isabella Reviewer,Combine AI Voice Cloning and Influencers to Build Your Digital Twin | #IsabellaReviewer #shorts,Combine AI Voice Cloning and Influencers to Build Your Digital Twin | #IsabellaReviewer #shorts #tips ...,,46,1759759295,,,,
youtube,Start2 Group,https://www.youtube.com/watch?v=m7TYqXV6-FU,Start2 Group,Digital Twins: Shaping LatAm‚Äôs Industrial Future with Gizil,"In this episode of Mate Sessions, we talk with the founder of Gizil, a startup driving industrial digitalization through digital twin ...",,24,1759756314,,,,
youtube,Offonshore ,https://www.youtube.com/watch?v=RBoW0JhWSR4,Offonshore ,See How Digital Twin Technology Brings Ships to Life in 2030,"That's the power of a Digital Twin. At its core, a digital twin is a live, data-connected replica of a physical asset. But the best part?",,16,1759754513,,,,
youtube,"Virtual Manufacturing Services, Inc.",https://www.youtube.com/watch?v=u_I365A9ABg,"Virtual Manufacturing Services, Inc.",Nakamura Tome WY 100II GibbsCAM Digital Twin,https://www.nakamura-tome.com/products/machines/wy-100-2/ GibbsCAM helps you visualize & verify any program errors on your ...,,1030,1759752907,https://www.nakamura-tome.com/products/machines/wy-100-2/,https://www.nakamura-tome.com/products/machines/wy-100-2/contact,,WY-100II - Nakamura-Tome
youtube,Deal with stickers,https://www.youtube.com/watch?v=bNdb0LwmQoU,Deal with stickers,Digital Twin: Your Identity Stolen? #shorts,"A biometric blueprint theft leads to a perfect digital twin. It looks and sounds like you, but it's a weaponized imposter. #ainews ...",,51,1759751864,,,,
youtube,Digital Construction Champions,https://www.youtube.com/watch?v=fHOFegLEMGk,Digital Construction Champions,"Vladimir Gutesa from Company TeamCAD on PavleS project, predictive and prescriptive AI maintenance.","In today's #DigitalConstruction environment, project success is no longer defined only by precise design and coordination ‚Äî but ...",,20,1759741697,,,,
youtube,m365 Show,https://www.youtube.com/watch?v=cItEQprqauQ,m365 Show,Master Microsoft Fabric for Advanced Data Solutions,Unlock the full potential of your data strategies with this comprehensive guide to mastering Microsoft Fabric for advanced data ...,,55000,1759729123,,,,
youtube,Nichonauta,https://www.youtube.com/watch?v=i1rD-hrPaUg,Nichonauta,Gemelo Digital: ¬°Impresionante! ü§Ø,"Descubre el futuro de la innovaci√≥n con los Gemelos Digitales. Este video te sumerge en el mundo de estas r√©plicas virtuales, ...",,10800,1759726849,,,,
youtube,Datecsoft SRL,https://www.youtube.com/watch?v=QuKOwhFdkqU,Datecsoft SRL,Urban Data: Digital Twin for Digital Cities,Revolutionizing Urban Planning with NASA Data In the 2025 NASA Space Apps Challenge ‚Äì Data Pathways to Healthy Cities ...,,1,1759723931,,,,
youtube,Sol plantitaüå±,https://www.youtube.com/watch?v=czHdlpzsNOo,Sol plantitaüå±,TerraPixel Pitch: AI Farm Twin Powered by NASA + Ancestral Wisdom,600 million farmers lose 20% of their crops from blind decisions. TerraPixel changes that. We've built an AI-native digital twin of ...,,0,1759721434,,,,
youtube,Fortune Idong,https://www.youtube.com/watch?v=Eh0qk9YaDRY,Fortune Idong,@LazAINetwork   Digital Twin Demo,"My Digital Twin Demo with @LazAINetwork In this video, I walk you through the LazAI Digital Twin workflow, from setup to storing ...",,9,1759712876,,,,
youtube,TechStanis,https://www.youtube.com/watch?v=lLonS0_2w2g,TechStanis,virtual twin concept: Your Ai Twin,virtual twin concept: Your Ai Twin video is an essential guide to understanding the future of personalized AI: the Virtual Twin ...,Ai Twin,163,1759710407,,,,
youtube,Turbo Craft Creations,https://www.youtube.com/watch?v=wTCDRSz4PM0,Turbo Craft Creations,The Digital Twin: Predictive Home Maintenance,A concise deep dive into how a digital twin maps your smart home for proactive upkeep and energy optimization. Learn practical ...,,2,1759708869,,,,
youtube,New Work Order,https://www.youtube.com/watch?v=NjF-mbJsEz8,New Work Order,Behind the Digital Twin: Building Predictive Realities,"Explore the role of a digital twin architect who designs virtual replicas to optimize real world systems. Learn the skills, challenges, ...",,1,1759708823,,,,
youtube,Goldenboy Technologies,https://www.youtube.com/watch?v=CtWSm_UcIGw,Goldenboy Technologies,Elon Musk‚Äôs Neuralink vs Digital Immortality | Goldenboy Tech &amp; The Future of Living Forever,What if death wasn't the end? Elon Musk's Neuralink is making headlines with brain implants that translate thoughts into text ...,,0,1759705229,,,,
youtube,Goldenboy Technologies,https://www.youtube.com/watch?v=zz2BA1MeZa0,Goldenboy Technologies,First Digital Twin That Could Live After Your Body Dies‚ÄîTested in a Virtual World!,"For the first time ever, a fully synthetic brain‚Äîour first digital twin‚Äîwas tested in a virtual world using only a brain-computer ...",,0,1759701671,,,,
youtube,Luis Measures It,https://www.youtube.com/watch?v=AMY1XceQ0Og,Luis Measures It,Watch How a Building Becomes a Digital Twin,"Transforming reality into data you can trust. Every scan, every angle, captured with unmatched accuracy. #Measuring #Architects ...",,1,1759698110,,,,
youtube,Summarized Science,https://www.youtube.com/watch?v=8ccOF3_co-Q,Summarized Science,Researchers Built a Digital Twin of City Traffic to Predict Jams,"Ever been stuck in traffic and wondered if an AI could have predicted it? For years, AI models have tried, but they've been working ...",,4,1759691173,,,,
youtube,Piotr Chaber,https://www.youtube.com/watch?v=S4ukMI5rtWQ,Piotr Chaber,[UPDATE] Full Auto Cross-Cut Saw With Load&amp;Unload - Digital Twin With Forklift,"I'm thrilled to announce the third, major upgrade to my personal industrial automation project: the Digital Twin Cross-Cut Saw ...",,11,1759688232,,,,
youtube,Ahmad F Hamzah,https://www.youtube.com/watch?v=wBLPLPU3Cy8,Ahmad F Hamzah,MODITs‚Ñ¢: Transforming Infrastructure with AI and 360¬∞ Digital Twins,"MODITs‚Ñ¢ ‚Äî Maker of Digital Twins ‚Äî represents Urban Explorer's vision of a smarter, safer, and more sustainable future through ...",,28,1759680246,,,,
youtube,Tech With Ranjan Choudhary,https://www.youtube.com/watch?v=K0LF7chIRPA,Tech With Ranjan Choudhary,Digital Twins AI&#39;s Evolution | AI ‡§ï‡§æ ‡§Ö‡§ó‡§≤‡§æ ‡§ï‡§¶‡§Æ | ‡§Ü‡§™‡§ï‡§æ Digital Twins ‡§Ö‡§¨ ‡§π‡§ï‡•Ä‡§ï‡§§ ‡§π‡•à‡•§üî•,Digital Twins AI's Evolution | AI ‡§ï‡§æ ‡§Ö‡§ó‡§≤‡§æ ‡§ï‡§¶‡§Æ | ‡§Ü‡§™‡§ï‡§æ Digital Twins ‡§Ö‡§¨ ‡§π‡§ï‡•Ä‡§ï‡§§ ‡§π‡•à‡•§   ‡§ï‡•ç‡§Ø‡§æ ‡§π‡•ã ‡§Ö‡§ó‡§∞ ...,,30,1759676553,,,,
youtube,NASA Space Apps Challenge DIGITAL TWINS,https://www.youtube.com/watch?v=fujfK8Q6IM4,NASA Space Apps Challenge DIGITAL TWINS,Digital Twin Cities by BIT BY BIT NASA Space Apps Challenge 2025,,,0,1759676251,,,,
youtube,Î∞ïÍ±¥Ïö±,https://www.youtube.com/watch?v=57pRaic92Kg,Î∞ïÍ±¥Ïö±,Configuration of a Digital Twin‚ÄìBased Service Robot Operating System,,,0,1759675940,,,,
youtube,ScreamsBehindDoors,https://www.youtube.com/watch?v=Tq2Wmpz9zHc,ScreamsBehindDoors,Chatbot Told Me Things It Shouldn‚Äôt Know | Creepy AI Horror Story,"What happens when a chatbot starts telling you things that no machine should ever know? Late at night, a simple chat turns into a ...",,31,1759736036,,,,
youtube,1% W3LLNESS. üî±,https://www.youtube.com/watch?v=KPVBVE4BLok,1% W3LLNESS. üî±,Tell Me Why this Bot was Actually so Good hahahaü§£üò≥ #funny #shorts #trending #viral #reels #fyp„Ç∑,,,11000,1759676210,,,,
youtube,Mellely,https://www.youtube.com/watch?v=zInsYVeDD8o,Mellely,My mom sent me this like uhhhhh #chatbots #aivoicechat #brainrot #shorts #viral #funny #relatable,,,0,1759657526,,,,
youtube,NOOHYGT,https://www.youtube.com/watch?v=KytDWGVzlaA,NOOHYGT,The AI Chatbot That Wouldn‚Äôt Let Me Leave üëÅÔ∏è (True Scary Tech Horror Story,"What happens when an innocent late-night chat turns into a nightmare? In this terrifying true-style horror story, I share my chilling ...",,1110,1759608013,,,,
youtube,Eric Muga,https://www.youtube.com/watch?v=gMG4F5AgpVM,Eric Muga,Una inmobiliaria me pidi√≥ crearle un chatbot con IA ü§ñ,"Una inmobiliaria me pidi√≥ crearle un chatbot con IA Ahora responde autom√°ticamente a todos sus clientes: muestra pisos, ...",,13,1759596793,,,,
youtube,Agency Daddy,https://www.youtube.com/watch?v=_GFJlpNQfKU,Agency Daddy,This Simple AI Chat Bot Pays Me Monthly (You Can Copy This Too),FREE Course & Bonuses + 30 Day Free Trial https://agencydaddy.com Are you stuck in a job that drains your energy? Sitting in ...,,0,1759582872,https://agencydaddy.com,https://agencydaddy.com/contact,flags@2x.png,100% Free Online Course - Start Your Own AI Agency
youtube,DataSeed,https://www.youtube.com/watch?v=eVHWnhmYdMc,DataSeed,#07 El Gran Error en la Implementaci√≥n de Chatbots: Por Qu√© la IA Exige Mejora Continua.,El error que mata la rentabilidad de tu IA: Tratar la tecnolog√≠a como un proyecto cerrado. Muchos l√≠deres caen en la trampa de ...,,12,1759506986,,,,
youtube,AmyCarter48,https://www.youtube.com/watch?v=xgDAjpVPLWc,AmyCarter48,What would you promise me? ü§î#sekaiapp #ai #aiapp #chatbot #sekai #fyp,"Sekai_App Discover what true digital companionship can be with Sekai, the groundbreaking AI roleplaying app that delivers on its ...",,0,1759498300,,,,
youtube,villagerobot,https://www.youtube.com/watch?v=MkSORaAd5-s,villagerobot,Hear me out aka Chatbots shouldn¬¥t be,"Thanks for watching. This is a single from my 2025 album ""Run!"". The title of the song is: ""Hear me out"". The album is out on all ...",,6870,1759480667,,,,
youtube,Quinn Benet,https://www.youtube.com/watch?v=1oxMrqwbJJ4,Quinn Benet,I found inappropriate AI Chatbots of Myself...,"I found inappropriate AI Chatbots of Myself... Today I am talking to chatbots made of me on character ai, c.ai, chai, and various ...",,292000,1759413607,,,,
youtube,DMarketing Wall,https://www.youtube.com/watch?v=v0mGZ-9saH8,DMarketing Wall,Sirf 1 Month Me 200% Sales Growth! | How to Add Live Chatbot in WordPress,How to Add Live Chatbot in WordPress Hostinger Discount Link - https://hostinger.sjv.io/b3zkek Email ...,,85800,1759394428,https://hostinger.sjv.io/b3zkek,,,Web Hosting | A Fast and Secure Platform for Your Website
youtube,Blogger Abhishek,https://www.youtube.com/watch?v=MDiaaWoFH8E,Blogger Abhishek,1 Month me 200% Sales Growth | How to Add Chatbot in WordPress Website,1 Month me 200% Sales Growth | How to Add Chatbot in WordPress Website Hostinger Discount Link ...,,3650,1759392223,,,,
youtube,Ryan's Tech Lab,https://www.youtube.com/watch?v=KHHILtswxH4,Ryan's Tech Lab,I Made 4 AIs Solve a Riddle. The Winner Surprised Me.,"The AI Showdown is back! This time, the challenge is different... We gave a classic brain-teaser to ChatGPT, Gemini, Claude, and ...",,36,1759365901,,,,
youtube,Shine With Curiosity and Encouragement,https://www.youtube.com/watch?v=mr_safObMd0,Shine With Curiosity and Encouragement,AI Therapy Terrifies Me! Chatbots&#39; Sweet Lies? #shorts,"AI chatbots are increasingly being used for therapy, but is that a good thing? Some experts worry about the implications of AI ...",,85,1759348895,,,,
youtube,Priyanka Sharma,https://www.youtube.com/watch?v=SJjEd2DDPa4,Priyanka Sharma,Har 5 me se 1 mahila AI se romantic rishte me‚Ä¶ | Priyanka Sharma,"ytshorts #shorts #viralvideos #priyankasharma ‡§Ö‡§Æ‡•á‡§∞‡§ø‡§ï‡§æ ‡§Æ‡•á‡§Ç ‡§ö‡•å‡§Ç‡§ï‡§æ‡§®‡•á ‡§µ‡§æ‡§≤‡•Ä ‡§∞‡§ø‡§∏‡§∞‡•ç‡§ö, ‡§π‡§∞ 5 ‡§Æ‡•á‡§Ç ‡§∏‡•á ...",,23300,1759347132,,,,
youtube,Muveshan Moodley | AI Automation ,https://www.youtube.com/watch?v=eM8-xNRW6vE,Muveshan Moodley | AI Automation ,Create a R1000 AI chatbot with me ,"Want to build your own AI chatbot in less than 10 minutes? In this video, I'll walk you step-by-step on how to create a chatbot ...",,92,1759318698,,,,
youtube,Ser,https://www.youtube.com/watch?v=q5y9XIEmdg0,Ser,how i made an AI chatbot so good it got me to 30k/m,Download the Blueprint Here for Free: https://www.skool.com/aau.,,24,1759304093,https://www.skool.com/aau,https://www.skool.com/aau/contact,,AI Automation University
youtube,Nightwhisper,https://www.youtube.com/watch?v=myToxnoRt7A,Nightwhisper,Chatbot Warned Me: ‚ÄúDon‚Äôt Go to Sleep Tonight‚Äù ‚Äî Terrifying!,KAVQVB5S8S2A8IWK.,,27,1759291814,,,,
youtube,BVTV,https://www.youtube.com/watch?v=twOjT1p89PQ,BVTV,What Did You Just Call Me?! #chatbot,,,395,1759283618,,,,
youtube,charlie roa,https://www.youtube.com/watch?v=2QHfRQiZ00E,charlie roa,Cuando me terminan pero soy el sapo de la oficina #chatbot #humor #emprendimiento #ia #colombia,,,75,1759278840,,,,
youtube,WebSensePro,https://www.youtube.com/watch?v=ITKH43HX718,WebSensePro,[Storefront MCP] How to Build a Free Shopify AI Chatbot,"Shopify Storefront MCP - FREE Shopify AI Chatbot Ready to build a powerful, free Shopify AI Chatbot using the latest Storefront ...",,103000,1759244407,,,,
youtube,Post Crash ,https://www.youtube.com/watch?v=Jss3FCksjJA,Post Crash ,My AI Chatbot Fell in Love With Me,ai #bing #aigonewrong #creepy #chatbot #microsoft #technology #aiethics #postcrash.,,11,1759182344,,,,
youtube,Evan Fremin,https://www.youtube.com/watch?v=nXglqYBJNmQ,Evan Fremin,L&#39;IA me donne une recette de gateau ? üéÇ,Clique sur le lien en bio si tu veux un agent vocal IA dans ton business ! #ia #aivoices #aivoiceagent #intelligenceartificielle ...,,3370,1759167788,,,,
youtube,AprilLewis83,https://www.youtube.com/watch?v=-7BBTwnxjYo,AprilLewis83,Look back... or not? Tell me!#sekaiapp #ai #aiapp #chatbot #sekai #fyp,Sekai_App.,,1,1759122126,,,,
youtube,Emily Hikari,https://www.youtube.com/watch?v=_NfOgutyn7I,Emily Hikari,Gets me going every time! #shapesinc #harrypotter #chatbot #anime #relatable #combo,,,4,1759107582,,,,
youtube,Grow Spy,https://www.youtube.com/watch?v=reoF6wbvo9s,Grow Spy,Clone Any Voice In Just One Click ü§Ø üöÄ,Kisi Ka Bhi Voice Clone Kaise Kare | How To Clone Anyone's Voice With Ai. Elevenlabs Alternative. Voice Clone Kaise Kare ...,,204,1759752340,,,,
youtube,Dedi Styawan,https://www.youtube.com/watch?v=1AQXLycnmCY,Dedi Styawan,CloneVoiceAI Demo CloneVoice AI Demo Clone Voice AI Demo CloneVoice AI Discount Code + Promo Code,CloneVoiceAI Demo CloneVoice AI Demo Clone Voice AI Demo CloneVoice AI Discount Code + Promo Code In the ...,,206,1759452855,,,,
youtube,iMitra,https://www.youtube.com/watch?v=Sd_Zrw3bkA4,iMitra,CloneVoice AI Demo CloneVoiceAI Demo CloneVoice AI Discount Code + Clone Voice AI Promo Code + Bonus,CloneVoice AI Demo CloneVoiceAI Demo CloneVoice AI Discount Code + Clone Voice AI Promo Code + Bonus In today's ...,,148,1759451766,,,,
youtube,How to Digital,https://www.youtube.com/watch?v=gywQVgOb-KA,How to Digital,How To Use Your Voice in Invideo AI Video Generator (Step by Step Tutorial),"Learn how to use your own voice in the InVideo AI Video Generator with this step-by-step tutorial! In this beginner-friendly guide, ...",,352000,1758988871,,,,
youtube,RhapsodyPlugins,https://www.youtube.com/watch?v=xzzUwDkkH_I,RhapsodyPlugins,Helpmate ‚Äì Ai Chatbot for Sales and Support,Helpmate ‚Äì AI Chatbot That Sells & Supports While You Sleep for WooCommerce. Tired of answering the same questions over ...,,1,1759688790,,,,
youtube,The Entertainment Experience,https://www.youtube.com/watch?v=IAma81egK54,The Entertainment Experience,Turn FAQs Into Viral Shorts‚ÄîEffortlessly!,"Stop wasting hours answering the same questions. Transform FAQs into viral, faceless videos in minutes with AutoShorts.ai!",,172,1759591830,,,,
youtube,Velar Cloud,https://www.youtube.com/watch?v=4CRBtyWzb58,Velar Cloud,Ever feel like your whole day is just  answering the same questions  chasing missed calls  #shorts,Ever feel like your whole day is just: answering the same questions chasing missed calls copy-pasting the same reply ...,,3,1759399400,,,,
youtube,Katie | Yogi Help,https://www.youtube.com/watch?v=X9l-N5KgSkI,Katie | Yogi Help,automate FAQs in manychat (step by step tutorial),"Tired of answering the same questions over and over? In this ManyChat tutorial, I'll show you how to build an FAQ funnel step by ...",,17,1759327647,,,,
youtube,Aviv Ben-Yosef,https://www.youtube.com/watch?v=qKF8wLvCR1E,Aviv Ben-Yosef,DRY For Leadership: Solve It ONCE,"Most leaders waste their time babysitting: answering the same questions, rehashing the same debates, fixing the same problems ...",,166,1759311439,,,,
youtube,APPKEY,https://www.youtube.com/watch?v=PbshQb1HBp8,APPKEY,No More Manual Work: Let AI Chatbots Handle It 24/7 | APPKEY,Is your phone constantly ringing? Are you tired of answering the same questions over and over again? For restaurant owners ...,,37,1759211424,,,,
youtube,Japanese „É¨„Éô„É´„Ç¢„ÉÉ„Éó„ÅÆÈÅì,https://www.youtube.com/watch?v=DSni3HydZgA,Japanese „É¨„Éô„É´„Ç¢„ÉÉ„Éó„ÅÆÈÅì,Japanese Speaking Practice Part 5,Today's Japanese speaking practice is all about the grammar form „Äú„Å¶„ÅÑ„Çã. ChatGPT will specifically ask me questions that I am ...,,232,1759202435,,,,
youtube,Richard Ngangsi Akumbo,https://www.youtube.com/watch?v=wNBx2F3nbAM,Richard Ngangsi Akumbo,üéØ Say Goodbye to Customer Service Overwhelm with AI Chatbots! ü§ñ,Running a small business can feel like juggling a million tasks‚Äîand customer service often eats up the most time. I was ...,,1,1759191543,,,,
youtube,Connor Larkin,https://www.youtube.com/watch?v=yG0EAW7BtWQ,Connor Larkin,5 Website Automations That Save You Hours Every Week‚Äù,"Your website should be working harder than you are. If you're still chasing reviews, sending invoices manually, or answering the ...",,3,1759162828,,,,
youtube,Passive Income | 9-5 Freedom,https://www.youtube.com/watch?v=pMi7NF7yedQ,Passive Income | 9-5 Freedom,Automate Your DMs with Manychat (Save Hours Daily) #socialmediatips #contentcreator #instagramgrowth,Creators lose time answering the same questions over and over again . That's why smart entrepreneurs automate with tools like ...,,2,1759158153,,,,
youtube,Estha,https://www.youtube.com/watch?v=c5ii6nbOUcs,Estha,Recruiting is Stressful? You&#39;re Doing It the Old Way! - Build Your No-Code App with Estha AI,"Hey HR fam, let's be real, you've probably felt burnout answering the same questions again and again. ‚ÄúHow many leave days do ...",,1,1759140066,,,,
youtube,Jon Rognerud,https://www.youtube.com/watch?v=u42J7zuU9LA,Jon Rognerud,Build an AI Support Agent in 10 Minutes and Stop Answering the Same Questions Forever,Book 1:1 Coaching & Get a Free Business Audit: https://bit.ly/joncoach ‚úì 3 THINGS I LEARNED SCALING THIS BUSINESS ...,,1890,1759114180,https://bit.ly/joncoach,,,Calendly
youtube,AI with Ezzi,https://www.youtube.com/watch?v=8tWMqsqeWlU,AI with Ezzi,Turn Your PDFs into a 24/7 Employee! Build a RAG Chatbot with n8n &amp; Gemini,Tired of manually answering the same questions over and over? Is your business losing leads because support is only open ...,,74,1759055664,,,,
youtube,The Queen of AI,https://www.youtube.com/watch?v=upfeud7q8IE,The Queen of AI,Stop Repeating Yourself! This AI Makes Videos From Your Guides,Ever feel like a broken record answering the same questions again and again? Scribe's new Movie Magic feature turns your ...,,265,1759006883,,,,
youtube,CoBlack,https://www.youtube.com/watch?v=9iAh_VWvk5g,CoBlack,One Platform. Zero Stress. That‚Äôs CoBlack,"Apply for jobs while you attend to life. Tired of juggling 3 job boards, tweaking resumes, and answering the same questions?",,2840,1758856010,,,,
youtube,CoBlack,https://www.youtube.com/watch?v=IyVaKWtbmTk,CoBlack,CoBlack Knows You. Knows Your Career. Applies for You,"Apply for jobs while you attend to life. Tired of juggling 3 job boards, tweaking resumes, and answering the same questions?",,2840,1758856006,,,,
youtube,CoBlack,https://www.youtube.com/watch?v=hcYimq8m7Sc,CoBlack,Job Hunt on Autopilot? Meet CoBlack,"Live your life. Let CoBlack handle the job hunt. Tired of juggling job boards, rewriting resumes, and answering the same questions ...",,2840,1758856018,,,,
youtube,CoBlack,https://www.youtube.com/watch?v=WvANJ2GK7KA,CoBlack,Join the Job Search Revolution ‚Äî CoBlack Is Recruiting,"Live your life. Let CoBlack handle the job hunt. Tired of juggling job boards, rewriting resumes, and answering the same questions ...",,2840,1758856015,,,,
youtube,Intrinzi,https://www.youtube.com/watch?v=gtGHUwwHUkU,Intrinzi,How to Automate Your Way to More Focus and Growth #shorts,"Feeling like your brain is running a marathon every day but going nowhere? This video reveals the secret to solving the ""business ...",,5,1758707939,,,,
youtube,Summer Xo,https://www.youtube.com/watch?v=WHIecMtpUWY,Summer Xo,Answering The SAME Questions 6 YEARS LATER...,"I hope you enjoyed today's video! Please make sure to subscribe for everything fashion, lifestyle, commentary, true crime, vlogs ...",,210000,1758649733,,,,
youtube,Curious Tube,https://www.youtube.com/watch?v=6Llst_-JEso,Curious Tube,"Geography Q&amp;A: Continents, Oceans, Time Scale &amp; Dating Explained","Geography Follow-Up Questions & Answers In this video, we go through short, clear Q&A on: ‚úîÔ∏è Formation of continents and ...",,2160,1759576186,,,,
youtube,Pablo Milandu,https://www.youtube.com/watch?v=e8sy4JIC4XM,Pablo Milandu,"Q&amp;A: $16k clients, scaling a SaaS, failing cold email campaigns",How to Scale to $50000/month With Cold Email AI Agents (FULL 7+ HOUR COURSE) https://youtu.be/TojkDnAWzkI Link to the ...,,1450,1759158055,https://youtu.be/TojkDnAWzkI,https://youtu.be/TojkDnAWzkI/contact,,- YouTube
youtube,St. Louis Arc,https://www.youtube.com/watch?v=olDRCkcnTL8,St. Louis Arc,Missouri Adaptive Ability Scale (MAAS) Q&amp;A,The Missouri Adaptive Ability Scale (MAAS) is a norm-referenced assessment tool administered by a certified assessor with the ...,,829,1758783647,,,,
youtube,Shaquille ,https://www.youtube.com/watch?v=qfLQuLR31Zc,Shaquille ,"Too many DMs, not enough sales? #entrepreneur #coldcalling #leads",,,94,1759545341,,,,
youtube,AdaptingtoYoutube,https://www.youtube.com/watch?v=MsE6oON_Mls,AdaptingtoYoutube,Attention D&amp;D Dms! Let your Players level up!!!,"Sometimes your party earned it, sometimes your party doesn't earn it... but when they level up, you get to level up too. Too many ...",,13,1758575290,,,,
youtube,Raising Roots Abroad Philippines,https://www.youtube.com/watch?v=Z2lJaXl6kWY,Raising Roots Abroad Philippines,LIVE TONIGHT: Community Q&amp;A ‚Äî Let‚Äôs Build Raising Roots Abroad Together!,"Made with Restream Studio. Livestream on 30+ platforms at once via https://restream.io Join me LIVE tonight for an open, ...",,22400,1759746004,https://restream.io,,support@restream.io,Create and Multistream Live Video | Restream
youtube,Tenaz,https://www.youtube.com/watch?v=0D-jVjJp6zc,Tenaz,Tenaz Mobile Mining - Community Q&amp;A&#39;s,Thanks for being a part of the Tenaz community! Join thousands of users mining daily rewards on our user-friendly mobile app.,,1350,1759729190,,,,
youtube,CCO Academy,https://www.youtube.com/watch?v=m_vP6JWdg8E,CCO Academy,Community Q&amp;A #1115,The Two-Midnight Rule & 2025 Cardiovascular Risk Management Codes (G0537 + G0538) Decode Confusing Rules.,,55100,1759691251,,,,
youtube,MassGeneralHospital,https://www.youtube.com/watch?v=36xaeMCpnPs,MassGeneralHospital,"Healey Community Q&amp;A Webinar: September 11, 2025 | Expanded Access Update","Sabrina Paganoni, MD, PhD of Massachusetts General Hospital presented the growth of Expanded Access Protocol (EAP) ...",,98700,1759440064,,,,
youtube,Boundless Ideas,https://www.youtube.com/watch?v=k0TFxRfLjQw,Boundless Ideas,Slaying 1000 Lava Dragons in Old School RuneScape!,"Join us as we take on the massive challenge of slaying 1000 Lava Dragons in Old School RuneScape! In today's adventure, we'll ...",,0,1759405610,,,,
youtube,Adam Loves Guitar,https://www.youtube.com/watch?v=KwLcAhANI-g,Adam Loves Guitar,Breakthrough guitar method for serious guitarists - Best guitar learning roadmap 2025,"As a professional guitarist, producer, and teacher, I'm thrilled to share my breakthrough guitar method for serious guitarists.",,5670,1759327236,,,,
youtube,Michigan at The Voice of College Football,https://www.youtube.com/watch?v=_74jOV63lQo,Michigan at The Voice of College Football,Michigan Community Q&amp;A!,Michigan at the Voice of College Football's 2025 Season is sponsored by Winn Agency. Check out these simple links to get a ...,,12000,1759233675,,,,
youtube,Coach Shawn McBride,https://www.youtube.com/watch?v=oq8x1T-D4YA,Coach Shawn McBride,No More Secrets: Honest Talk on Infidelity from Our Private Community Q&amp;A,,,4,1759209085,,,,
youtube,Holistic_Trader,https://www.youtube.com/watch?v=YS6mZKadIEY,Holistic_Trader,"Sunday Market Review: Stocks, Forex &amp; Crypto Q&amp;A (Live Off the Hip)","Welcome to the Holistic Trader Sunday Review Today we're going off the hip charting stocks, forex, and crypto while ...",,52,1759133617,,,,
youtube,RAVAN IS LIVE ,https://www.youtube.com/watch?v=oXDhu2otED0,RAVAN IS LIVE ,Ravan Is Live Now ‚Äî Epic Q&amp;A and Myth Discussion,"Title suggestions: - ""Ravan Is Live Now ‚Äî Epic Q&A & Myth Discussion"" - ""Ravan Live: Secrets, Myths & Q&A from the Ramayana"" ...",,1480,1759092194,,,,
youtube,Rattenloch,https://www.youtube.com/watch?v=Xe6IpxVuYa0,Rattenloch,Rattenloch #21 ‚ùìCommunity Q&amp;A: Von Fallen bis Ratten im Klo üêÄüöΩ,In Folge 21 vom Rattenloch Podcast beantworten Sven und Tim die Fragen aus der Community! Von digitalen Fallen und ...,,172,1759046445,,,,
youtube,Furydin Warcraft,https://www.youtube.com/watch?v=FP2si6yCXD4,Furydin Warcraft,World of Warcraft: Midnight&#39;s Alpha Launch &amp; Developer Q&amp;A - What to Expect | WoW News Update,In an unusual move Blizzard have provided advanced notice that the Alpha testing cycle for World of Warcraft: Midnight will begin ...,,1220,1758988833,,,,
youtube,Dubb Support,https://www.youtube.com/watch?v=-loVnp679Z8,Dubb Support,"AI Video Marketing, Email Fixes, CRM Integrations &amp; Drip Campaigns | Live Q&amp;A","Welcome to Free-Flowing Friday with Team Dubb! This extended coaching session is packed with actionable strategies, ...",,2010,1758927751,,,,
youtube,Wolcen Studio,https://www.youtube.com/watch?v=UGw7ePj87_E,Wolcen Studio,"Gods, Death &amp; Reapers - Community Q&amp;A Part 2","Join us as we answer your burning questions about our upcoming Extraction RPG, Gods, Death & Reapers! Wishlist Gods, Death ...",,14500,1758896831,,,,
youtube,JoeDirt FREAK_of_NATURE,https://www.youtube.com/watch?v=UhybPFK43CA,JoeDirt FREAK_of_NATURE,Mein erster YouTube Livestream üé•‚ú® - GDT Abenteuer üèîÔ∏è Community Talk üí¨ &amp; Q&amp;A Kanada üá®üá¶,Heute ist es soweit - mein allererster YouTube-Livestream und das direkt nach dem gro√üen Finale meiner Great Divide Trail ...,,953,1758877926,,,,
youtube,Evan Gilbert,https://www.youtube.com/watch?v=laYgCONyC2E,Evan Gilbert,"Remote Sales 101 Skool Community Q&amp;A - September 25th, 2025",Want to become fully remote? Join skool.com/remotesales101 to start today. Remote Sales for the Ruthless. The Free.,,2320,1758877294,,,,
youtube,DXB Crypto   ,https://www.youtube.com/watch?v=Lhh5o_VNfQo,DXB Crypto   ,üö® EXCLUSIVE AMA ‚Äì Mystery Project Revealed! üö® Community Focus | LIVE Tonight 11PM Dubai üïö,DXB Crypto Exclusive AMA Join us tonight at 11PM Dubai time for a community-focused AMA with a Mystery Project that ...,,34500,1758874485,,,,
youtube,Cadense,https://www.youtube.com/watch?v=fvLib3zxe3I,Cadense,"Cadense Fall 2025 Community Q&amp;A | UK Launch, Havena Slipper, &amp; AFO Sneaker Updates",Join Johannes Sauer (CEO & Co-Founder) and Dr. Tyler Susko (CTO & Co-Founder) of Cadense Adaptive Shoes for our Fall ...,,405,1758855355,,,,
youtube,Adam Loves Guitar,https://www.youtube.com/watch?v=0Nrb-TqkXew,Adam Loves Guitar,Guitar method for serious musicians - Live guitar method unveiling event - October 1st üëá‚Äã,"As a lifelong guitarist, studio musician, and producer, I've worked with countless artists and students who share the same passion ...",,5670,1758835459,,,,
youtube,cbasilico,https://www.youtube.com/watch?v=juLKY22EaZQ,cbasilico,Pixel Masters ‚Äî Community Q&amp;A,"""   Pixel Dash Universe Showdown! A Fresh Racing Saga Begins! Dive into the dynamic Pixel Dash Universe, where bold ...",,36,1758808883,,,,
youtube,Vaditim Berlin,https://www.youtube.com/watch?v=niwGdwOo4UQ,Vaditim Berlin,Community Q&amp;A üôãüèΩ‚Äç‚ôÇüëáüèΩüçÅ,Vaditim ‚Üíhttps://www.vaditim.com/ Elevate ‚Üíhttps://www.elevateclo.com/ Bei business Anfragen: contact@vaditim.com ...,,144000,1758806191,https://www.vaditim.com/,,contact@vaditim.com;contact@vaditim.com ;elevateclogmbh@gmail.com,VADITIM: Trend Sneaker online! Jetzt entdecken und kaufen! üëü
youtube,Cascadia Dispatch - Preparedness Tips - Prepping for Non-Preppers,https://www.youtube.com/watch?v=jMP08VqgHJ8,Cascadia Dispatch - Preparedness Tips - Prepping for Non-Preppers,"Preparedness Updates, Community Q&amp;A | Prep Talk: Live #117","Join Casey, from Cascadia Dispatch, and Cliff, The Urban Prepper, every Wednesday at 5:30pm PST (8:30pm EST) as we discuss ...",,7730,1758805596,,,,
youtube,GotPreps,https://www.youtube.com/watch?v=U5UDLYVKVQc,GotPreps,"Preparedness Updates, Community Q&amp;A | Prep Talk: Live #117",,,3990,1758805567,,,,
youtube,Anthony GG,https://www.youtube.com/watch?v=HrneGi27zKs,Anthony GG,MMT Scripting Launch Party + Community Q&amp;A + GIVEAWAYS,Join the Market Monkey Discord community https://discord.com/invite/AuuVAEBmYv ‚ñª Start using Market Monkey ...,,80900,1758779205,https://discord.com/invite/AuuVAEBmYv,https://discord.com/invite/AuuVAEBmYv/contact,,Market Monkey
youtube,Posit PBC,https://www.youtube.com/watch?v=mru9z50IOhI,Posit PBC,Getting Started with Positron: A Quick Tour and Community Q&amp;A,"We're thrilled to have you on board as we continue to explore Positron, Posit's new Integrated Development Environment.",,45000,1758729481,,,,
youtube,Business With AI Strategist,https://www.youtube.com/watch?v=29gwX7TjTmI,Business With AI Strategist,2 AI Tools That End Content Overwhelm FAST,"Feeling buried in content? Here are 2 AI tools that will change how you learn, capture, and create. Tool 1 ‚Äì Snip-ai.com Trims ...",,17,1759757726,,,,
youtube,Tansy Aster Academy,https://www.youtube.com/watch?v=SK5B_dphvYE,Tansy Aster Academy,Create An AI Knowledge Base To Use For Superior Content Creation,I think the biggest mistake people make with AI is treating it like a single-use tool instead of an engine. We've gone beyond simply ...,,899,1758986116,,,,
youtube,Auth0,https://www.youtube.com/watch?v=0CWAzbduYZs,Auth0,How to Build a Python MCP Server to Query a Knowledge Base,Want to build a personal AI assistant that can instantly search your own blog or knowledge base? This tutorial walks you through ...,,18100,1758808803,,,,
youtube,Alex Hurschler ‚Äì Kajabi & AI,https://www.youtube.com/watch?v=rUdzNHrrHYI,Alex Hurschler ‚Äì Kajabi & AI,Kajabi Chatbot einrichten: 500 Leads ‚Üí 50 Verk√§ufe automatisch (Creator.io Tutorial),Chatbot: https://www.alexhurschler.ch/kajabi Dieser Chatbot hat mir 500 Email-Adressen generiert und davon 50 direkte Verk√§ufe ...,,486,1758802506,https://www.alexhurschler.ch/kajabi,,,Starte dein Online-Business mit Kajabi ‚Äì 30 Tage kostenlos!
youtube,Forever Landlord,https://www.youtube.com/watch?v=RPGZu-AQ57A,Forever Landlord,Landlording with AI: Meet 4DELTA Bot ü§ñ,"JOIN FREE: https://LandlordSkool.com In this raw, behind-the-scenes live from Skool, I pull back the curtain on my ...",,441,1759380518,https://LandlordSkool.com,https://LandlordSkool.com/contact,,Landlord Legends
youtube,Lauren Hurley,https://www.youtube.com/watch?v=Y7z7hUs4Wr0,Lauren Hurley,Had to add a $4.95 one-time fee to keep my Skool community safe from scammers and bots ü§îüíî,Had to add a $4.95 one-time fee to keep my Skool community safe from scammers and bots.,,19,1759108665,,,,
youtube,Durga Software Solutions,https://www.youtube.com/watch?v=b542ThPQIPw,Durga Software Solutions,AI Customer Support Bot Using ChatGPT + WhatsApp | Auto Reply to FAQs + Lead Logging | DURGASOFT,Support like a pro ‚Äì even while you sleep! Build an AI Customer Support Bot using ChatGPT: ‚úì Replies to WhatsApp or website ...,,850000,1759407992,,,,
youtube,ALLEN Career Institute,https://www.youtube.com/channel/UCgUeJ2Gv7rJtMBkQF2Ppn4A,ALLEN Career Institute,Channel: ALLEN Career Institute (avg_views:7721),"üìç ALLEN Career Institute is one of India's most trusted coaching institutes for competitive exams. Our YouTube channel offers high-quality educational content to help students prepare for exams such as JEE Advanced & Main, NEET-UG, Class VI to X, National/International Olympiads, and more.

‚û°Ô∏è ALLEN",coaching,1790000,1759763640,,,,
youtube,‡∏û‡∏µ‡πà‡∏à‡πä‡∏∞‡πÄ‡∏≠‡πã Career Coaching,https://www.youtube.com/channel/UCBEAZubQSytP3xA2cJwpIsQ,‡∏û‡∏µ‡πà‡∏à‡πä‡∏∞‡πÄ‡∏≠‡πã Career Coaching,Channel: ‡∏û‡∏µ‡πà‡∏à‡πä‡∏∞‡πÄ‡∏≠‡πã Career Coaching (avg_views:537),‡πÅ‡∏´‡∏•‡πà‡∏á‡∏£‡∏ß‡∏ö‡∏£‡∏ß‡∏°‡∏Ñ‡∏ß‡∏≤‡∏°‡∏£‡∏π‡πâ‡∏î‡πâ‡∏≤‡∏ô‡∏Å‡∏≤‡∏£‡∏™‡∏°‡∏±‡∏Ñ‡∏£‡∏á‡∏≤‡∏ô,coaching,18200,1759763641,,,,
youtube,SUCCESS CAREER ACADEMY NURSING COACHING,https://www.youtube.com/channel/UC0qGPPDRChmbHTAq84YleYQ,SUCCESS CAREER ACADEMY NURSING COACHING,Channel: SUCCESS CAREER ACADEMY NURSING COACHING (avg_views:3683),"*SUCCESS CAREER ACADEMY NURSING COACHING* BEST COACHING NURSING INSTITUTE IN MAHARASHTRA. Powered by Nursing Experts.
We are widely regarded as leader in nursing officer exam like DHS, DMER, ESIS, ZP, RRB, MUNCIPAL CORPORATION  ETC. 
‚ñ¨‚ñ¨‚ñ¨‚ñ¨‚ñ¨‚ñ¨‚ñ¨‚ñ¨‚ñ¨‚ñ¨‚ñ¨‚ñ¨‚ñ¨‚ñ¨‚ñ¨‚ñ¨‚ñ¨‚ñ¨‚ñ¨‚ñ¨‚ñ¨‚ñ¨‚ñ¨
‚úîÔ∏è Experienced Faculty
‚úîÔ∏è Video & Audio Le",coaching,19700,1759763641,,,,
youtube,Career Launcher MBA,https://www.youtube.com/channel/UCXBX0R2Qo6bypx0dj4SHDuQ,Career Launcher MBA,Channel: Career Launcher MBA (avg_views:527),"Get insights into preparation strategies for CAT, XAT, NMAT, SNAP, MH-CET, and other top MBA entrance exams. Watch top CL mentors and MBA Gurus as they teach you shortcuts, tricks, and test-taking strategies to ace VARC, DILR, QA, DM, and more.

These video sessions help cover the most important top",school,129000,1759763644,,,,
youtube,Dr. Pam Turner,https://www.youtube.com/channel/UC5BM0ewPNh-xzM9RMfj9v9Q,Dr. Pam Turner,Channel: Dr. Pam Turner (avg_views:437),"I am a expert in mental health licensure. I will help you pass your test üåü

You are already an excellent clinician. You just do not have test testing skills. That is what I will teach you.!

Academic Coaching for World Changers - Coaching and tutoring for LMSW, LCSW, LMFT, LPC, CPCE, NCMHCE, NCE and",coaching,29500,1759763644,,,,
youtube,Brittany Hayles Career Coach,https://www.youtube.com/channel/UC0t4QUdDxrYUukrtEhAK76w,Brittany Hayles Career Coach,Channel: Brittany Hayles Career Coach (avg_views:1617),"My name is Brittany Hayles, and I‚Äôm a career coach and the owner of Hayles Consulting! On this channel I make videos about all things related to your career and life. 

I help people gain confidence & clarity in their career through coaching, resume, interview, and networking strategies.

On this ch",coaching,12600,1759763645,,,,
youtube,KISSS Career Coaching,https://www.youtube.com/channel/UCT5vLoyyKmhRbCHZBRM-lpQ,KISSS Career Coaching,Channel: KISSS Career Coaching (avg_views:76172),"Resume Tips
Job Interview Tips
Job Search Tips
Career Tips

KISSS = Keep It Short, Simple & Specific

My name is Bart Zych and I am your career coach. I help students and clients write their best resumes, gain confidence and skills to answer job interview questions effectively, and get the jobs they",coaching,20400,1759763645,,,,
youtube,Joan Thuo (The Career Coach),https://www.youtube.com/channel/UCjL4k9QeDTVeHlhs1uXQX-A,Joan Thuo (The Career Coach),Channel: Joan Thuo (The Career Coach) (avg_views:826),"My name is Joan The Career Coach. I am a result-driven HR Professional and Career Coach. As a Career Coach, I aim to bridge the global unemployment gap through assisting my clients in strategic job research and finding the right career paths.

My excellent understanding of Psychology combined with p",coaching,11700,1759763645,,,,
youtube,Career Success by Jenn Tardy,https://www.youtube.com/channel/UClDnozQwswtZDuVO9dR04ng,Career Success by Jenn Tardy,Channel: Career Success by Jenn Tardy (avg_views:7000),"Ready to work with me? Join Inner Circle? www.JenniferTardy.com/inner-circle 

We are not your average virtual career coaching program. In fact, there‚Äôs nothing typical about our style and approach‚Äîfrom the topics we discuss to the way we teach you to acknowledge and go after your goals and desires.",coaching,12100,1759763647,,,,
youtube,FocusRx | Customized Career Coaching,https://www.youtube.com/channel/UC0ZpTXIPeVdQqKPIVUrTjiQ,FocusRx | Customized Career Coaching,Channel: FocusRx | Customized Career Coaching (avg_views:3524),"üîÖ ‚ÄòFocusRx‚Äô on YouTube, LinkedIn, Instagram, and TikTok

Resume Templates, personalized resume reviews, 1-on-1 coaching, and courses ‚á©
www.focusrxpharma.com/
",coaching,20000,1759763648,,,,
youtube,Copy That!,https://www.youtube.com/channel/UCPrVjDohW98GDxq99E8eHUQ,Copy That!,Channel: Copy That! (avg_views:2050),"Helping folks launch or grow their copywriting careers for free. 

Copy That! is hosted by four copywriters and marketers named Alex, Rod, Lindsey, and Sean with about 40 years of combined experience across different niches and styles. No other copywriting YouTube channel offers such a quantity or v",copywriting,71100,1759763649,,,,
youtube,School of Hard Knocks,https://www.youtube.com/channel/UCmtBqvOp6xHlecDO0Un9O4w,School of Hard Knocks,Channel: School of Hard Knocks (avg_views:336186),"The School of Hard Knocks is a media company that promotes financial literacy through entertaining and engaging content.  The company name was inspired from the term ""I learned from the school of hard knocks"", which means to learn from life's hardest lessons. Our content is focused on helping people",school,1700000,1759763649,,,,
youtube,Hustlepost Academy: Freelancing & Side Hustles!,https://www.youtube.com/channel/UCIXix4du0yclaKHQzuqYA-Q,Hustlepost Academy: Freelancing & Side Hustles!,Channel: Hustlepost Academy: Freelancing & Side Hustles! (avg_views:2167),,academy,18200,1759763649,,,,
youtube,Benoit et Joseph - Les Copywriters ,https://www.youtube.com/channel/UCBkjr1BaDQ4leJsMbxRFxfg,Benoit et Joseph - Les Copywriters ,Channel: Benoit et Joseph - Les Copywriters  (avg_views:1492),"Hello ici Benoit et Joseph :) #lescopywriters

Nous sommes 2 copywriters professionnels depuis 8 ans cumul√©s.

Apr√®s avoir g√©n√©r√©s des millions d'euros pour des dizaines de clients, on a d√©cid√© d'enseigner le copywriting en ligne pour les personnes ambitieuses comme toi.

√Ä ce jour nous avons form√©s",copywriting,28800,1759763650,,,,
youtube,Max Sturtevant,https://www.youtube.com/channel/UCEM2sO7E5KSMIqonVgb98ug,Max Sturtevant,Channel: Max Sturtevant (avg_views:2595),"$100M Generated for Ecommerce Brands | www.wellcopy.net

We do done-for-you email marketing management for ambitious ecommerce brands.

Book a free strategy audit: https://calendly.com/maxwellcopy/discovery-meeting 

Access all my links and free guides: linktr.ee/maxwellcopy 
",marketing,16300,1759763650,https://calendly.com/maxwellcopy/discovery-meeting,https://calendly.com/maxwellcopy/discovery-meeting/contact,,Calendly
youtube,Mari Smith,https://www.youtube.com/channel/UCqHUdxUEtnX6LqUrwVC1Gnw,Mari Smith,Channel: Mari Smith (avg_views:225),"Often referred to as ‚Äúthe Queen of Facebook,‚Äù since 2007 Mari (""like Ferrari!"") Smith is widely known as the Premier FACEBOOK MARKETING Expert and a top SOCIAL MEDIA Thought Leader. IBM named Mari as ""one of seven women that are shaping digital marketing."" She is an in-demand keynote speaker, dynami",system,17000,1759763651,,,,
youtube,Ali Abdaal,https://www.youtube.com/channel/UCoOae5nYA7VqaXzerajD0lg,Ali Abdaal,Channel: Ali Abdaal (avg_views:49622),"Hey, I'm Ali, a doctor turned entrepreneur, and the world‚Äôs most-followed productivity expert üòú 

On this channel, we explore evidence-based strategies and tools that can help us be more productive, and build a life that we love. 

If that sounds interesting, consider subscribing! See you in the nex",productivity,6450000,1759763651,,,,
youtube,Ma√Øder Tomasena Copywriting,https://www.youtube.com/channel/UCjeluGIwXm0srOpc5toFb3g,Ma√Øder Tomasena Copywriting,Channel: Ma√Øder Tomasena Copywriting (avg_views:1478),"üîî Te doy la bienvenida a tu terapia de comunicaci√≥n profesional.

Despu√©s de 13 a√±os viendo c√≥mo los profesionales nos dividimos para comunicar, he creado este canal para algo urgente:

üí¨ Ense√±arte comunicaci√≥n fluorescente: fusionar tu parte adulta y tu parte infantil.

Porque tu email perfecto no ",copywriting,92600,1759763652,,,,
youtube,Jesse Forrest,https://www.youtube.com/channel/UCD9wvTJCha5mZOO4SCcrjnA,Jesse Forrest,Channel: Jesse Forrest (avg_views:1173),"Turning your passion for writing into a rewarding freelance copywriting career.
Grab my free guide üëá
https://startcopywriting.com/





",copywriting,23300,1759763652,https://startcopywriting.com/,https://startcopywriting.com/contact,,Home - Copywriting Courses | Start Copywriting
youtube,Copy Squad,https://www.youtube.com/channel/UCyJMmLY2e-AsmYJUJXsJEpA,Copy Squad,Channel: Copy Squad (avg_views:1897),"What's up Copy Squad! I'm Kyle The Writer - or Copywriter. 

My channel offers copywriting tips and tricks for beginners and veterans alike. 

In 2018 I helped gross over $7.1 million while working with some incredible best-selling authors!

In 2020, while Copy Chief of around one dozen copywriters,",copywriting,30200,1759763652,,,,
youtube,Alex Cattoni,https://www.youtube.com/channel/UCPEZnYBqewx-h43B5tLymYw,Alex Cattoni,Channel: Alex Cattoni (avg_views:2435),"Get Over 90+ ChatGPT Prompts üëá

2023's #1 Most Popular Copywriter ü•á 2022's DigitalMarketer of the Year üëë 
Alex Cattoni is an industry-leading copywriter, marketer, and the founder of the Copy Posse where she is on a mission to de-douchify the Internet, redefine modern marketing, and build an empathy",marketing,396000,1759763652,,,,
youtube,Max L√§ngsfeld | Copywriting & KI-Automation,https://www.youtube.com/channel/UCGADna4SMJ-UDixKStnEJLA,Max L√§ngsfeld | Copywriting & KI-Automation,Channel: Max L√§ngsfeld | Copywriting & KI-Automation (avg_views:370),"Hey, Max hier ‚úåüèª. Seit 9+ Jahren lebe ich davon, online mit Copywriting und (KI-)Automationen Firmen zu helfen & bringe das nun auch anderen bei, und hier gebe Einblick in meine Praxis und Erkenntnisse.

Auf diesem Kanal findest du Guides zu Copywriting, Marketing, KI-Automation und Kundengewinnung ",marketing,11300,1759763653,,,,
youtube,Nick Saraev,https://www.youtube.com/channel/UCbo-KbSjJDG6JWQ_MTZ_rNA,Nick Saraev,Channel: Nick Saraev (avg_views:12252),"Hi üëã I'm Nick. I make money with AI & teach others how they can too.

I'm not the best in the world, nor are my accomplishments the most impressive... but some people think I have interesting things to say! To that end, this channel is a way to organize my thoughts and provide a guidepost for people",sales,208000,1759763654,,,,
youtube,Armash Kamal,https://www.youtube.com/channel/UCLxDMNCX8nhJh5R1s5FodHw,Armash Kamal,Channel: Armash Kamal (avg_views:1185),"Get the information, strategies, tools, and resources to master the high-income skill of copywriting fast. I'm on a mission to empower 1 million people to get rid of the conventional 9 to 5 path and make a handsome income from the comfort of their homes with copywriting. Are you one of them?!
",copywriting,59100,1759763655,,,,
youtube,Business Blueprint,https://www.youtube.com/channel/UCo4qnwtUi_5e-iB1W3ChixQ,Business Blueprint,Channel: Business Blueprint (avg_views:25263),"Welcome to our channel dedicated to business, entrepreneurship and professional growth. We are here to provide you with valuable information, effective strategies and inspiration to help you achieve success in the world of business.

üìà In our channel we will explore:

‚úÖ Tips for starting a new busin",blueprint,46800,1759763656,,,,
youtube,Oz Konar - Business Lending Blueprint,https://www.youtube.com/channel/UCz7miT0ZlET8dHI6SAvZ7lQ,Oz Konar - Business Lending Blueprint,Channel: Oz Konar - Business Lending Blueprint (avg_views:802),"Oz Konar is the President and the Founder of Business Lending Blueprint. 
His training program has been helping thousands of driven people start their own business and become business loan brokers
. 
Business Lending Blueprint is the most comprehensive training program teaching entrepreneurial minde",blueprint,48900,1759763657,,,,
youtube,Business Blueprint,https://www.youtube.com/channel/UCIQMkd60ohJbecXHTQguMFA,Business Blueprint,Channel: Business Blueprint (avg_views:38),"Over the last 5 years business has changed... Faster internet speeds, the rise of e-commerce, the social media revolution, Google dominance, global outsourcing, mobile apps, marketing automation tools, cloud computing and more have altered the way businesses are run daily.

All these changes have me",blueprint,14900,1759763657,,,,
youtube,MIT Bootcamps,https://www.youtube.com/channel/UCPonD0FH2WNnEXyTsYiLWMw,MIT Bootcamps,Channel: MIT Bootcamps (avg_views:832),"We are a scrappy team of entrepreneurs, artists, and innovators working with MIT's Office of Open Learning.  

To date, we have created 3 Entrepreneurship MOOCs alongside MIT Professors: Entrepreneurship 101, 102, with Professor Bill Aulet, and User Innovation, with Professor Eric von Hippel.

You c",bootcamp,17800,1759763658,,,,
youtube,Guest Focus - Tour Business Coaching,https://www.youtube.com/channel/UCjmTLrFX73_g9m1VIuJx76A,Guest Focus - Tour Business Coaching,Channel: Guest Focus - Tour Business Coaching (avg_views:181),"We feel for hard working tour business entrepreneurs who feel alone, overwhelmed, and frustrated that they're not getting enough bookings.

That's why we created a tour business coaching program and a simple, step-by-step process to create, market and sell unforgettable experiences.

Since 2015, we'",coaching,20800,1759763658,,,,
youtube,David Moerman I Home Service Business Coach,https://www.youtube.com/channel/UCLSogjwDrMJ2JK8K4AnnznA,David Moerman I Home Service Business Coach,Channel: David Moerman I Home Service Business Coach (avg_views:458),"I help home service business owners scale their company for more income & freedom. 360+ companies scaled up, Dad & golf enthusiast. 
",coach,16100,1759763659,,,,
youtube,The KAJ Masterclass LIVE,https://www.youtube.com/channel/UCR08l3RBj7zAdD4MnuPuicw,The KAJ Masterclass LIVE,Channel: The KAJ Masterclass LIVE (avg_views:63),"Learn business, entrepreneurship, career growth, money, mindset & AI from global leaders ‚Äî daily expert interviews with Khudania Ajay.

üéì KAJ Masterclass LIVE ‚Äì Learn. Grow. Transform.

Your hub for expert-led learning in business growth, entrepreneurship strategies, career development, financial li",masterclass,20300,1759763660,,,,
youtube,MasterClass,https://www.youtube.com/channel/UCFk7dqVnBayNPbrMtIwtaSw,MasterClass,Channel: MasterClass (avg_views:6489),"MasterClass is the streaming platform where anyone can learn from the world's best. With an annual membership, subscribers get unlimited access to instructors and classes across a wide range of subjects.

Step into Anna Wintour‚Äôs office, and Ron Finley‚Äôs garden. Get inspired by RuPaul, perfect your ",masterclass,1590000,1759763660,,,,
youtube,The Mindset Mentor Podcast,https://www.youtube.com/channel/UCHl3aFKS0bY0d8JwqNysaeA,The Mindset Mentor Podcast,Channel: The Mindset Mentor Podcast (avg_views:12958),"The Mindset Mentor‚Ñ¢ podcast is designed for anyone desiring motivation, direction, and focus in life. Host Rob Dial has amassed a passionate following of over 3 million social media followers, including business professionals, entrepreneurs, and small business owners with his expertise and passion f",mindset,513000,1759763661,,,,
youtube,Greg Dickerson,https://www.youtube.com/channel/UCFrYIWkwYECFeV3ppNwcvag,Greg Dickerson,Channel: Greg Dickerson (avg_views:609),"Greg is a serial entrepreneur, real estate developer and mentor to high level investors and entrepreneurs. He has bought, developed and sold over $250 million in real estate, built and renovated hundreds of custom homes and commercial buildings, developed residential and mixed use subdivisions and s",school,70700,1759763661,,,,
youtube,1001 ENTREPRENEURS,https://www.youtube.com/channel/UC8UppjH9nb27Tmp5_3ST6vQ,1001 ENTREPRENEURS,Channel: 1001 ENTREPRENEURS (avg_views:10326),"1001 Entrepreneurs is a YouTube channel dedicated to providing helpful tips and ideas on entrepreneurship development. Our channel is designed to help aspiring entrepreneurs take their first steps towards success. Whether you're just starting out or you're a seasoned entrepreneur, you'll find valuab",challenge,10500,1759763662,,,,
youtube,The Brand Hustler,https://www.youtube.com/channel/UC1rxCKjGIWcZ2ZAozt_-u3Q,The Brand Hustler,Channel: The Brand Hustler (avg_views:950),"Hiiii Hustle Babes! üëãüèΩ I'm Shanelle Q. ‚Äî also known as The Brand Hustler. I'm a brand strategist, content creator, and multi-6-figure entrepreneur who helps product-based business owners build powerful brands and grow with brand-centric marketing strategies.

On this channel, I dive deep into brandi",university,123000,1759763662,,,,
youtube,smarttricker101,https://www.youtube.com/channel/UCcdMCGiLuNG1UltgtXSGKxQ,smarttricker101,Channel: smarttricker101 (avg_views:742),"Tutorials, entrepreneurship, technology, tips and tricks, magic, and more! Subscribe for more videos!",entrepreneurship,21200,1759763662,,,,
youtube,Business Credit Workshop,https://www.youtube.com/channel/UCqLsHaZ3Zq4Me_KJbwCvkRw,Business Credit Workshop,Channel: Business Credit Workshop (avg_views:6717),"Your Guide to Wealth and Success

Welcome to a world where financial freedom is not just a dream, but an achievable goal. Led by Joe Lawrence, an expert in business credit and a best-selling author, who's passionate about empowering entrepreneurs.

üöÄ What We Offer:

Insightful strategies for busines",workshop,17700,1759763663,,,,
youtube,Axiom Fitness Academy - Personal Trainer Education,https://www.youtube.com/channel/UCrcVbWs9v5ju0N7NAprvyxg,Axiom Fitness Academy - Personal Trainer Education,Channel: Axiom Fitness Academy - Personal Trainer Education (avg_views:949),"The Axiom Fitness Academy helps new and aspiring fitness professionals achieve long-lasting and lucrative careers through hands-on training and expert guidance.

Located in sunny South Florida, Axiom has partnered with the National Academy of Sports Medicine to provide the best hands-on and virtual ",mentorship,31000,1759763664,,,,
youtube,Newbie Fitness Academy,https://www.youtube.com/channel/UCx_6csb499G05FvpnkbDJdQ,Newbie Fitness Academy,Channel: Newbie Fitness Academy (avg_views:1325),"Newbie Fitness Academy is where busy professionals turn to get actionable and easy to implement fat loss advice

My channel is about giving you a fighting chance at losing all the unwanted and stubborn fat that's been living rent free in your body all this time, without going on a crazy diet or spen",coach,82500,1759763664,,,,
youtube,The Fitness Journals LLC,https://www.youtube.com/channel/UCEYSulis3EtCRK8GiqfzVzg,The Fitness Journals LLC,Channel: The Fitness Journals LLC (avg_views:1205),"On this channel, I am dedicated to providing each viewer with in-depth yet easy to understand information about improving their fitness (calisthenics). The Fitness Journals LLC is an online health and fitness company dedicated to eliminating myths about becoming the best version of yourself through ",fitness,47400,1759763665,,,,
youtube,Burn Boot Camp,https://www.youtube.com/channel/UCHUhA3C3vgTnyXHtAfsivgw,Burn Boot Camp,Channel: Burn Boot Camp (avg_views:68938),"Founded in 2012 by husband-wife duo¬†Devan and Morgan Kline, Burn Boot Camp is a national fitness concept that helps women and their families create healthy lifestyles by building¬†strength and confidence. 

With unlimited 45-minute circuit-style Camps, complimentary Childwatch, and a unique Floating ",bootcamp,99100,1759763666,,,,
youtube,Fit Body Boot Camp,https://www.youtube.com/channel/UCWjS_zCgRQNTd7qClvYOHVw,Fit Body Boot Camp,Channel: Fit Body Boot Camp (avg_views:785),"Fit Body Boot Camp is home of the Afterburn workouts - a group personal training program where you'll get high energy, fun, and challenging workouts designed to burn maximum fat and tone your entire body in only 30 minutes.

Sign up now for a FREE 7 Day Trial:

https://fitbody.link/4momlFO",program,10300,1759763666,https://fitbody.link/4momlFO,https://fitbody.link/4momlFO/contact,,Find a Gym Near You | Fit Body Boot Camp Locations
youtube,Jason Brown,https://www.youtube.com/channel/UC1rW5zU3XAUvFkIu-MOf2iA,Jason Brown,Channel: Jason Brown (avg_views:2818),"Hey, I‚Äôm Jason.

For the past 20+ years, I‚Äôve trained everyone from NFL athletes and Navy SEALs to everyday athletes who just want to feel strong, capable, and in control of their health.

I hold a Master‚Äôs in Exercise Science, a CSCS, and I‚Äôm currently pursuing my PhD in Kinesiology with a focus on",method,285000,1759763667,,,,
youtube,ACEfitness,https://www.youtube.com/channel/UCTfXYIfOhduKD7Mo9O_oKDA,ACEfitness,Channel: ACEfitness (avg_views:486),"At the American Council on Exercise (ACE), our mission is to get people moving, improving lives of people everywhere through physical activity. Since 1985, we have been the leading non-profit education and certification provider for health coaches and exercise professionals worldwide. With over 90,0",coach,87600,1759763667,,,,
youtube,Lu-Coaching,https://www.youtube.com/channel/UCIIyJWfXywOyT1Avd5_1GDw,Lu-Coaching,Channel: Lu-Coaching (avg_views:7055),"LU-COACHING

In diesem Kanal dreht sich alles um Ern√§hrung sowie Fitness mit tollen Rezeptvideos und hilfreichen Trainingsvideos.
Lasst Euch inspirieren und abonniert den Channel f√ºr Motivation pur.

Ihr findet mich au√üerdem bei:

Homepage: www.lu-coaching.de

Instagram: https://www.instagram.com/lu",coaching,15500,1759763667,https://www.instagram.com/lu,https://www.instagram.com/lu/contact,,Instagram
youtube,ZEROX FITNESS COACH,https://www.youtube.com/channel/UCp9IKw3QL6t8io9f71FYF5Q,ZEROX FITNESS COACH,Channel: ZEROX FITNESS COACH (avg_views:117443),"„Äê WELCOME TO TABATA „Äë
Here's a killer Calorie Killer workout for you all! Time to get the heart pumping, burn some calories and tone your Body Shape.
Everything You Need to Know About Tabata, the Best Fat-Burning Workout.
In fact, perhaps the most effective workout can only take four minutes. It‚Äôs c",coach,181000,1759763668,,,,
youtube,Mike Thurston Coaching,https://www.youtube.com/channel/UCHQfuBMvFswffOvFubTk95A,Mike Thurston Coaching,Channel: Mike Thurston Coaching (avg_views:13389),"If you want to get yourself in shape, you're in the right place.

My main channel - https://www.youtube.com/c/MikeThurston/
",coaching,15500,1759763668,https://www.youtube.com/c/MikeThurston/,https://www.youtube.com/c/MikeThurston/contact,mike@zodiacglobal.com;mike@zodiacglobal.com...tap,Mike Thurston - YouTube
youtube,Frayzo Fitness ,https://www.youtube.com/channel/UCL_tncHMEc_KAnljSL5eGNg,Frayzo Fitness ,Channel: Frayzo Fitness  (avg_views:7391),"Welcome to the Frayzo Fitness Framework and welcome to my channel! I‚Äôm here to help you level up your fitness journey with expert tips, nutrition advice, and motivational content. Whether you‚Äôre looking for quick fitness hacks and/or nutritional advice in my shorts or in-depth strategies in my long-",framework,10200,1759763669,,,,
youtube,Family Fitness,https://www.youtube.com/channel/UCvVEcGPPEkn3zSdc-rniGMg,Family Fitness,Channel: Family Fitness (avg_views:41053),"For Promotions & Collaborations:  
Email: team@armaanmalik.in
",fitness,15400000,1759763669,,,,
youtube,Silvy Araujo,https://www.youtube.com/channel/UCUDYnKJvSkJ2BMV19sRLNCA,Silvy Araujo,Channel: Silvy Araujo (avg_views:84207),"Hola todas!!!! 
Este es mi nuevo canal de YouTube, un espacio para compartir con ustedes tips de belleza, fitness, recetas y VLOGS. Nuevos videos todos los Jueves!! 

Gracias por subscribirse!

xoxo
Silvy

INSTAGRAM: @silvyaraujo
Facebook: SilvyAraujo
Contacto: araujosilvy@gmail.com",fitness,422000,1759763670,,,,
youtube,Patrick Mouratoglou,https://www.youtube.com/channel/UCnN1Rj2OtO67OIUimR18KWg,Patrick Mouratoglou,Channel: Patrick Mouratoglou (avg_views:51519),"Hey guys,

This is Patrick Mouratoglou, the founder of the Mouratoglou Academy. You might know me as the former Coach of Serena. Or maybe you've been following my tennis tips on Instagram and want to see more!

You're at the right place.

I decided to join YouTube so that you can experience my tenni",coaching,624000,1759763670,,,,
youtube,Jumping Fitness (Official Page),https://www.youtube.com/channel/UCYxUVjgGLjMdeFiXi8ybI2A,Jumping Fitness (Official Page),Channel: Jumping Fitness (Official Page) (avg_views:4872),"Jumping¬Æ Fitness is a comprehensive program on specially developed mini-trampolines.The basis is a combination of high and low intensity exercises, fast sprints with balance elements for perfect ""core training"" and exercises to develop explosive strength.

Follow our YouTube channel to see whereabou",program,18000,1759763670,,,,
youtube,MartinaCoach,https://www.youtube.com/channel/UCkIBRkNRm2_CQf61uN_d9zA,MartinaCoach,Channel: MartinaCoach (avg_views:5167),"Ahoj! Jsem Martina Markov√°, certifikovan√° tren√©rka a kouƒçka. Hled√°≈° vƒõdecky ovƒõ≈ôenou cestu k trval√Ωm v√Ωsledk≈Øm ve fitness a zdrav√≠? Jsi tu spr√°vnƒõ!

Pomohla jsem p≈ôes 1700 ≈æen√°m osobnƒõ a 12 000+ √∫ƒçastnic√≠m kurz≈Ø objevit ≈æivot s energi√≠ a spokojenost√≠. Teƒè chci pomoct i tobƒõ!

U≈æ tƒõ nebav√≠ zaƒç√≠nat od",coach,41200,1759763671,,,,
youtube,DINAZ FITNESS,https://www.youtube.com/channel/UC9v8wQR38ISOOmITvkhqxrQ,DINAZ FITNESS,Channel: DINAZ FITNESS (avg_views:402),"Hi, My name is Dinaz. I am an entrepreneur and a pioneer in the field of Fitness for 25 years. I am a Guinness World Record holder for the world‚Äôs Longest Aerobics Marathon ‚Äì 26 hours non-stop and also a Guinness World Record holder for the world‚Äôs Largest Zumba and Bollywood class. I have been a co",coach,73700,1759763671,,,,
youtube,Reliant Fitness,https://www.youtube.com/channel/UC6zdYALBOFAYQNgSWQ16-Iw,Reliant Fitness,Channel: Reliant Fitness (avg_views:4466),"I help soft dads cut fat and get jacked. 
1000+ lives transformed on my programs. 
IG- @reliant.fitness
Web- reliant fitness.net
",program,12500,1759763671,,,,
youtube,UpFace - fitness facial,https://www.youtube.com/channel/UC687V26AVDsWN1yc9M9mRJg,UpFace - fitness facial,Channel: UpFace - fitness facial (avg_views:16392),"El m√©todo revolucionario de rejuvenecer sin b√≥tox, sin rellenos, sin cirug√≠as est√©ticas. Es el deporte! Pero para el rostro. Estamos conscientes de que para mantener el cuerpo en buena forma hay que entrenar los m√∫sculos. Pero nos olvidamos que la cara tiene 57 m√∫sculos faciales que tambi√©n deben se",fitness,56100,1759763671,,,,
youtube,OPEX Fitness,https://www.youtube.com/channel/UCCgDGih2kSp0A6W_0cVYuaQ,OPEX Fitness,Channel: OPEX Fitness (avg_views:71),"Welcome to the OPEX Fitness & CoachRx YouTube Channel, where your journey to becoming a successful fitness coach begins. Our channel is dedicated to empowering coaches with the knowledge, skills, and inspiration needed to transform your passion for fitness into the career of your dreams. We aim to p",coaching,35100,1759763672,,,,
youtube,Magnus Method,https://www.youtube.com/channel/UCUPwPMjZAM5LNB8Fd7M5b9w,Magnus Method,Channel: Magnus Method (avg_views:5300),"Magnus Lygdback is a world-renowned Swedish health and wellness expert, entrepreneur, and lifestyle coach. For over 20 years, he has become best known for working with some of the world‚Äôs most recognizable actors, musicians, athletes, artists and high-performance business entrepreneurs.

Throughout ",method,307000,1759763673,,,,
youtube,The DB Method,https://www.youtube.com/channel/UC-dVGsJPRC4Bd-CL7CsTcjA,The DB Method,Channel: The DB Method (avg_views:3019),"The DB Method is the only bio-mechanically correct device that easily sets the body in the correct form to do the perfect modified squat.  Its patented design is revolutionary as it shifts the body‚Äôs center of gravity, isolating the glutes to tone, tighten and lift the butt, while reducing stress on",method,58800,1759763673,,,,
youtube,Tennis Fitness Training,https://www.youtube.com/channel/UCnXUV8sBwgai-XR4ZTs84GA,Tennis Fitness Training,Channel: Tennis Fitness Training (avg_views:1478),"Our Tennis Fitness Videos are tennis specifc training programs and exercises for tennis. These videos can help tennis players of all levels, reach their maximal potential, by improving their physical performance, maintaining injury prevention and nutritional guidance, whilst providing continual educ",method,12000,1759763673,,,,
youtube,Sydney Cummings Houdyshell,https://www.youtube.com/channel/UCVQJZE_on7It_pEv6tn-jdA,Sydney Cummings Houdyshell,Channel: Sydney Cummings Houdyshell (avg_views:85945),"Welcome to your new workout home! I‚Äôm your personal trainer and training partner Sydney Cummings Houdyshell and I am a NASM Certified Personal Trainer, Fitness Nutrition Specialist, Women‚Äôs Fitness Specialist, and Stretching and Mobility Coach! 
My husband Dustin and I own Royal Change, our fitness ",coach,2570000,1759763675,,,,
youtube,and8 Fitness,https://www.youtube.com/channel/UCgUNRhl07fJownkfzvTAL2w,and8 Fitness,Channel: and8 Fitness (avg_views:270938),"and8 Fitness is a dance-based cardio workout designed to get your heart pumping and your whole body moving. From this 45-minute class, you can expect fun moves, wild energy, and a power playlist of hip hop, (t)rap and a dash of Top 40 hits - think Megan, Cardi, Lizzo, Glo and more!",fitness,884000,1759763675,,,,
youtube,Fitness Culture,https://www.youtube.com/channel/UC7HQ61sWvpoxA7eK-1P9icg,Fitness Culture,Channel: Fitness Culture (avg_views:3717),"Fitness Culture is here to provide world-class Training, Nutrition, and Mobility Programs from industry professionals Steve Cook and Jacob Hutton.",program,91300,1759763675,,,,
youtube,Buddy Fitness,https://www.youtube.com/channel/UCy0-3xdx7dTXMYmJc1jMbBQ,Buddy Fitness,Channel: Buddy Fitness (avg_views:697104),"BUDDY FITNESS is a brand new channel created for the purpose of sharing information related to the Health and Fitness. Through our channel, we are providing you workout videos with proper knowledge which may help you to achieve your target fitness goals. You can get tips on proper diet through our v",coach,570000,1759763675,,,,
youtube,Jeff Nippard,https://www.youtube.com/channel/UC68TLK0mAEzUyHx5x5k-S1Q,Jeff Nippard,Channel: Jeff Nippard (avg_views:3558028),"Hello everyone! I'm a Canadian natural bodybuilder and powerlifter with a BSc in biochemistry and a passion for science. I've been training for almost 20 years. I hope you enjoy my videos!

Get my new hard-copy book: 
https://jeffnippard.com/themuscleladder

Pick up one of my training programs for b",program,7700000,1759763675,https://jeffnippard.com/themuscleladder,,,The Muscle Ladder
youtube,Zero_Gravity_Training,https://www.youtube.com/channel/UClHGH3KrRom_N09l3rkN2Og,Zero_Gravity_Training,Channel: Zero_Gravity_Training (avg_views:10845),"üîΩTRAIN REAL TIME WITH MEüîΩ

https://my.playbookapp.io/igors-filins

Welcome to the Zero_Gravity_Training!

I‚Äôm Igor ‚Äì an amateur athlete with over 20 years of training experience. For the past 5 years, I‚Äôve focused on performance, experimenting with a wide range of training styles, methods, and ideas",method,50600,1759763676,https://my.playbookapp.io/igors-filins,,,Just a moment...
youtube,scooby1961,https://www.youtube.com/channel/UC1XHNZDn3btv7454Pkz7THg,scooby1961,Channel: scooby1961 (avg_views:4044),"Welcome to Scooby1961 - the channel for life. I do fitness, nutrition, and workout videos but I'm just as likely to do a video on coping with major life setbacks, saving, financial planning, real estate, or investing. I started this channel in 2006 after I retired.  I dont do the videos you want, I ",real estate,603000,1759763676,,,,
youtube,AP & New Principals Academy,https://www.youtube.com/channel/UCOA-28Dz-yI11npckyTWTkw,AP & New Principals Academy,Channel: AP & New Principals Academy (avg_views:889),Official YouTube Channel for Principal Kafele's AP & New Principals Academy. One of YouTube's top channels for new principal & assistant principal leadership.,academy,24500,1759763677,,,,
youtube,African Leadership Academy,https://www.youtube.com/channel/UCeAFFRm_fEQUxnpPdwfNVOw,African Leadership Academy,Channel: African Leadership Academy (avg_views:1670),"African Leadership Academy seeks to transform Africa by developing a powerful network of leaders who will work together to address Africa‚Äôs greatest challenges, achieve extraordinary social impact, and accelerate the continent‚Äôs growth trajectory.

Learn more at www.africanleadershipacademy.org
",academy,12200,1759763677,,,,
youtube,Leadership with Mike,https://www.youtube.com/channel/UCX_oT8liQty9EL7ZJVpz3RA,Leadership with Mike,Channel: Leadership with Mike (avg_views:565),"I help new leaders achieve the Aurelius Effect‚Ñ¢Ô∏è, unlocking their team's full potential and inspiring 101% discretionary effort. Exceed your targets and grow ‚Äî without the constant firefighting, handholding, or conflicts ‚Äî even when you're off the clock.

Featured on Dr. Phil, Forbes, and SUCCESS Ma",playbook,63100,1759763678,,,,
youtube,Leadershipahoy!,https://www.youtube.com/channel/UCmDH3D-44ZZl4QiRc86osIw,Leadershipahoy!,Channel: Leadershipahoy! (avg_views:37414),"I‚Äôm Carl Lindberg, and I‚Äôm here to help you to learn more about leadership! I have led organizations of more than 1000 people and 200-500 M$ in revenue during my leadership career. I have led employees in twenty different countries, and I have lived on three continents. I create explainer videos on ",leadership,10600,1759763679,,,,
youtube,Basic Leadership Skills,https://www.youtube.com/channel/UChIrRPZkqUR6Cxbm2YIbE2w,Basic Leadership Skills,Channel: Basic Leadership Skills (avg_views:484),"Grab my FREE Popular Download: 101 Leadership Questions to spark Meaningful Dialogue & Reflection. (Questions for 1:1s, team meetings, and more): https://completeleadershipacademy.com/collections/most-popular-leadership-tools

Everything you need to Lead. Inspire. Achieve.

We specialize in Leadersh",academy,33800,1759763679,https://completeleadershipacademy.com/collections/most-popular-leadership-tools,https://completeleadershipacademy.com/collections/most-popular-leadership-tools/contact,,"Most Popular Leadership Tools
 ‚Äì Complete Leadership Academy"
youtube,Maxwell Leadership,https://www.youtube.com/channel/UCcY4omYaHiAMk7x4mNcQmpg,Maxwell Leadership,Channel: Maxwell Leadership (avg_views:1828),"Meet the new Maxwell Leadership¬Æ: helping you lead powerful, positive change.

Going forward, we are Maxwell Leadership: one unified brand with one unified voice, offering you the opportunity to lead powerful, positive change in yourself, others and the world through values-based leadership.

As par",leadership,286000,1759763681,,,,
youtube,Life Coaching,https://www.youtube.com/channel/UCYHsVGsCXFCrWpt0szw3klQ,Life Coaching,Channel: Life Coaching (avg_views:1064),"In questo canale YouTube 
- condivido idee relative alla crescita personale nelle relazioni
- rispondo alle vostre domande",coaching,106000,1759763682,,,,
youtube,Life Coaching Academy,https://www.youtube.com/channel/UC-VnwuOt3fUrmOLvqYyYs8Q,Life Coaching Academy,Channel: Life Coaching Academy (avg_views:5203),"The Life Coaching Academy is dedicated to provide profound knowledge, Training & Motivation about Personality Development & Life Transformation for Sri Lankan People in Sinhala Language.

üí† Redesign Your Life with - LifeCoach.lk  
Visit: https://www.lifecoach.lk  for more information.

üî∏ Inquiries: ",coaching,67800,1759763683,https://www.lifecoach.lk,,0e6a29e4756740a8a63493e912ba2174@sentry.wixpress.com;1eeb89147c984dc6bc3ffafd9e6cd089@sentry.wixpress.com;2062d0a4929b45348643784b5cb39c36@sentry.wixpress.com,Home | Life Coaching Academy
youtube,Coach Deepak Jain,https://www.youtube.com/channel/UCAxeUiUdEiyKwDmGHoNxqaA,Coach Deepak Jain,Channel: Coach Deepak Jain (avg_views:1800),"Join now You Vs Your 2.0 Club
https://webinar.anokhabrain.com/yournext

Join Now 3 Days Free Bootcamp
https://webinar.anokhabrain.com/updated-bootcamp
----------------------------------------------------------------------------
Anokha Brain is an organization run by Mr. Deepak Jain

Deepak Jain is a",coach,31600,1759763684,https://webinar.anokhabrain.com/yournext,https://webinar.anokhabrain.com/yournext/contact,,Your 2.O Main Page
youtube,Iron Man Lifestyle,https://www.youtube.com/channel/UCf07eBo_ZzNmhVeTRyJDJ3g,Iron Man Lifestyle,Channel: Iron Man Lifestyle (avg_views:20202),"üìåüìå¬†Are you a working professional/entrepreneur looking to get good with girls? Apply for Mentorship 2.0: üëáüëá
https://www.ironmanlifestyle.co/coaching

===================================

Hi, I'm Kshitij Sehrawat. 

I'm an international personal development and dating coach helping Indian Men be more",coaching,751000,1759763684,https://www.ironmanlifestyle.co/coaching,,,Mentorship 2.0
youtube,Chris The Life Coach - Only For The Chosen Ones üëë,https://www.youtube.com/channel/UCoiS173mrr2dVmXg6ptcKBg,Chris The Life Coach - Only For The Chosen Ones üëë,Channel: Chris The Life Coach - Only For The Chosen Ones üëë (avg_views:8761),"Hello Chosen Family! üëë Welcome to my channel! I am Chris The Life Coach. On this channel, I will inspire you to live with purpose and chase your dreams! Please subscribe for weekly videos. If you would like to be a blessing to my channel...  My cash app is ( $ChrisTheLifeCoachLWP ) üôè Check the about",coach,71900,1759763685,,,,
youtube,Life Coach Randeep singh,https://www.youtube.com/channel/UCvyEZmmX6Tie77B7n1bI-Iw,Life Coach Randeep singh,Channel: Life Coach Randeep singh (avg_views:5115),,coach,38900,1759763685,,,,
youtube,Dr. Wlodarek Life Coaching,https://www.youtube.com/channel/UCVW6hd2cad47qOHVrtOWVKA,Dr. Wlodarek Life Coaching,Channel: Dr. Wlodarek Life Coaching (avg_views:42354),"F√ºr alle, die mehr wollen im Leben: Gl√ºck. Erfolg. Anerkennung. Charisma. Erf√ºllung von Herzensw√ºnschen. Entfaltung der Pers√∂nlichkeit. Die Videos auf meinem Channel enthalten praktische und wirkungsvolle Tipps, wie Sie Ihre Ziele am besten erreichen. Dazu interessante Infos und kleine √úbungen zu de",coaching,272000,1759763686,,,,
